config,set,qid,answer,stored,food,wording,names_species
doc_extractive,body_size,K001,correct,correct,,plain,0
doc_extractive,habitat,K003,wrong,wrong,,plain,0
doc_extractive,body_size,K005,correct,correct,,plain,0
doc_extractive,habitat,K007,correct,no_answer,,plain,0
doc_extractive,body_size,K011,correct,correct,,plain,0
doc_extractive,body_size,K012,correct,correct,,plain,0
doc_extractive,body_size,K014,correct,correct,,plain,0
doc_extractive,habitat,K019,geography,no_answer,,plain,0
doc_extractive,habitat,K021,correct,correct,,plain,0
doc_extractive,habitat,K025,geography,no_answer,,plain,0
doc_extractive,body_size,K026,correct,correct,,plain,0
doc_extractive,body_size,K029,correct,correct,,plain,0
doc_extractive,body_size,K030,correct,correct,,plain,0
doc_extractive,habitat,K037,correct,correct,,plain,0
doc_extractive,habitat,K044,correct,correct,,plain,0
doc_extractive,body_size,K047,correct,correct,,plain,0
doc_extractive,body_size,K049,no_answer,no_answer,,plain,0
doc_extractive,habitat,K051,correct,correct,,plain,0
doc_extractive,habitat,K058,geography,no_answer,,plain,0
doc_extractive,habitat,K059,geography,no_answer,,plain,0
doc_extractive,body_size,K064,correct,correct,,plain,0
doc_extractive,body_size,K068,correct,correct,,plain,0
doc_extractive,body_size,K069,correct,correct,,plain,0
doc_extractive,habitat,K070,geography,no_answer,,plain,0
doc_extractive,habitat,K072,geography,no_answer,,plain,0
doc_extractive,body_size,K074,correct,correct,,plain,0
doc_extractive,habitat,K077,correct,correct,,plain,0
doc_extractive,body_size,K082,no_answer,no_answer,,plain,0
doc_extractive,habitat,K085,correct,correct,,plain,0
doc_extractive,habitat,K087,wrong,no_answer,,plain,0
doc_extractive,habitat,K091,correct,correct,,plain,0
doc_extractive,habitat,K093,no_answer,no_answer,,plain,0
doc_extractive,body_size,K094,correct,correct,,plain,0
doc_extractive,body_size,K101,correct,correct,,plain,0
doc_extractive,habitat,K105,geography,no_answer,,plain,0
doc_extractive,habitat,K112,correct,correct,,plain,0
doc_extractive,body_size,K113,correct,correct,,plain,0
doc_extractive,body_size,K117,correct,correct,,plain,0
doc_extractive,body_size,K119,correct,correct,,plain,0
doc_extractive,body_size,K121,correct,correct,,plain,0
doc_extractive,habitat,K123,geography,no_answer,,plain,0
doc_extractive,habitat,K124,geography,no_answer,,plain,0
doc_extractive,body_size,K129,correct,correct,,plain,0
doc_extractive,body_size,K135,correct,correct,,plain,0
doc_extractive,body_size,K136,correct,correct,,plain,0
doc_extractive,body_size,K137,correct,correct,,plain,0
doc_extractive,habitat,K138,correct,correct,,plain,0
doc_extractive,habitat,K147,geography,no_answer,,plain,0
doc_extractive,habitat,K149,geography,no_answer,,plain,0
doc_extractive,habitat,K150,geography,no_answer,,plain,0
doc_extractive,body_size,K151,no_answer,no_answer,,plain,0
doc_extractive,body_size,K152,correct,correct,,plain,0
doc_extractive,body_size,K153,correct,correct,,plain,0
doc_extractive,body_size,K154,correct,correct,,plain,0
doc_extractive,body_size,K155,correct,correct,,plain,0
doc_extractive,body_size,K156,correct,correct,,plain,0
doc_extractive,body_size,K157,correct,correct,,plain,0
doc_extractive,body_size,K158,correct,correct,,plain,0
doc_extractive,body_size,K160,correct,correct,,plain,0
doc_extractive,body_size,K161,correct,correct,,plain,0
doc_extractive,body_size,K162,no_answer,no_answer,,plain,0
doc_extractive,body_size,K163,correct,correct,,plain,0
doc_extractive,body_size,K164,correct,correct,,plain,0
doc_extractive,body_size,K165,no_answer,no_answer,,plain,0
doc_extractive,body_size,K166,correct,correct,,plain,0
doc_extractive,body_size,K167,correct,correct,,plain,0
doc_extractive,body_size,K168,correct,correct,,plain,0
doc_extractive,body_size,K169,correct,correct,,plain,0
doc_extractive,body_size,K170,no_answer,no_answer,,plain,0
doc_extractive,body_size,K171,correct,correct,,plain,0
doc_extractive,body_size,K174,correct,no_answer,,plain,0
doc_extractive,body_size,K175,no_answer,no_answer,,plain,0
doc_extractive,body_size,K176,correct,correct,,plain,0
doc_extractive,body_size,K177,no_answer,no_answer,,plain,0
doc_extractive,body_size,K178,no_answer,no_answer,,plain,0
doc_extractive,body_size,K179,correct,correct,,plain,0
doc_extractive,body_size,K180,no_answer,no_answer,,plain,0
doc_extractive,body_size,K181,correct,correct,,plain,0
doc_extractive,body_size,K182,correct,correct,,hedged,1
doc_extractive,body_size,K183,correct,correct,,plain,0
doc_extractive,body_size,K184,correct,correct,,plain,0
doc_extractive,body_size,K188,correct,correct,,plain,0
doc_extractive,body_size,K190,correct,correct,,plain,0
doc_extractive,body_size,K191,correct,correct,,plain,0
doc_extractive,body_size,K192,correct,correct,,plain,0
doc_extractive,habitat,K193,geography,no_answer,,plain,0
doc_extractive,habitat,K194,correct,correct,,plain,0
doc_extractive,habitat,K197,no_answer,no_answer,,plain,0
doc_extractive,habitat,K198,geography,no_answer,,plain,0
doc_extractive,habitat,K199,correct,correct,,plain,0
doc_extractive,habitat,K200,correct,correct,,plain,0
doc_extractive,habitat,K202,correct,correct,,plain,0
doc_extractive,habitat,K204,no_answer,no_answer,,plain,0
doc_extractive,habitat,K206,geography,no_answer,,plain,0
doc_extractive,habitat,K207,wrong,wrong,,plain,0
doc_extractive,habitat,K208,correct,no_answer,,plain,0
doc_extractive,habitat,K209,no_answer,no_answer,,plain,0
doc_extractive,habitat,K210,correct,wrong,,plain,0
doc_extractive,habitat,K211,wrong,wrong,,plain,0
doc_extractive,habitat,K212,geography,no_answer,,plain,0
doc_extractive,habitat,K214,correct,correct,,plain,0
doc_extractive,habitat,K215,correct,no_answer,,plain,0
doc_extractive,habitat,K216,no_answer,no_answer,,plain,0
doc_extractive,habitat,K218,correct,correct,,plain,0
doc_extractive,habitat,K219,geography,no_answer,,plain,0
doc_extractive,habitat,K220,correct,no_answer,,plain,1
doc_extractive,habitat,K221,correct,correct,,plain,0
doc_extractive,habitat,K223,correct,correct,,plain,0
doc_extractive,habitat,K226,geography,no_answer,,plain,0
doc_extractive,habitat,K228,no_answer,no_answer,,plain,0
doc_extractive,habitat,K229,correct,correct,,plain,0
doc_extractive,habitat,K230,geography,no_answer,,plain,0
doc_extractive,habitat,K231,correct,correct,,plain,0
doc_extractive,habitat,K232,geography,no_answer,,plain,0
doc_extractive,habitat,K233,geography,no_answer,,plain,0
doc_extractive,diet,P001,correct,no_answer,1,plain,0
doc_extractive,diet,P002,no_answer,no_answer,0,plain,0
doc_extractive,diet,P003,correct,no_answer,1,plain,0
doc_extractive,diet,P004,correct,correct,1,hedged,1
doc_extractive,diet,P005,correct,no_answer,1,plain,0
doc_extractive,diet,P006,correct,no_answer,1,plain,0
doc_extractive,diet,P007,correct,no_answer,1,plain,0
doc_extractive,diet,P008,correct,no_answer,1,plain,0
doc_extractive,diet,P009,correct,no_answer,1,plain,0
doc_extractive,diet,P010,correct,no_answer,1,plain,0
doc_extractive,diet,P011,correct,no_answer,1,plain,0
doc_extractive,diet,P012,no_answer,no_answer,0,plain,0
doc_extractive,diet,P013,correct,no_answer,1,plain,0
doc_extractive,diet,P014,correct,no_answer,1,plain,0
doc_extractive,diet,P015,no_answer,no_answer,0,plain,0
doc_extractive,diet,P016,correct,no_answer,1,plain,0
doc_extractive,diet,P017,correct,no_answer,1,plain,0
doc_extractive,diet,P018,correct,no_answer,1,plain,1
doc_extractive,diet,P019,correct,no_answer,1,plain,0
doc_extractive,diet,P020,no_answer,no_answer,0,plain,0
doc_extractive,diet,P021,correct,no_answer,1,plain,0
doc_extractive,diet,P022,no_answer,no_answer,0,plain,0
doc_extractive,diet,P023,correct,no_answer,1,plain,0
doc_extractive,diet,P024,correct,no_answer,0,plain,0
doc_extractive,diet,P025,no_answer,no_answer,0,plain,0
doc_extractive,diet,P026,correct,no_answer,0,plain,0
doc_extractive,diet,P027,no_answer,no_answer,0,plain,0
doc_extractive,diet,P028,correct,no_answer,1,plain,0
doc_extractive,diet,P029,correct,no_answer,1,plain,0
doc_extractive,diet,P030,correct,no_answer,1,plain,0
doc_extractive,diet,P031,correct,no_answer,1,plain,0
doc_extractive,diet,P032,correct,no_answer,1,plain,0
doc_extractive,diet,P033,correct,no_answer,1,plain,0
doc_extractive,diet,P034,no_answer,no_answer,0,plain,0
doc_extractive,diet,P035,correct,correct,0,plain,1
doc_extractive,diet,P036,correct,no_answer,1,plain,0
doc_extractive,diet,P037,correct,no_answer,1,plain,1
doc_extractive,diet,P038,correct,no_answer,1,plain,0
doc_extractive,diet,P039,correct,no_answer,1,plain,0
doc_extractive,diet,P040,correct,no_answer,0,plain,0
doc_extractive,diet,P041,correct,no_answer,1,hedged,1
doc_extractive,diet,P042,no_answer,no_answer,0,plain,0
doc_extractive,diet,P043,correct,no_answer,0,plain,0
doc_extractive,diet,P044,correct,no_answer,1,plain,0
doc_extractive,diet,P045,correct,no_answer,1,plain,0
doc_extractive,diet,P046,correct,no_answer,1,plain,0
doc_extractive,diet,P047,correct,no_answer,1,plain,0
doc_extractive,diet,P048,correct,no_answer,0,plain,0
doc_extractive,diet,P049,no_answer,no_answer,1,plain,0
doc_extractive,diet,P050,correct,no_answer,1,plain,0
doc_extractive,diet,P051,correct,correct,1,plain,1
doc_extractive,diet,P052,correct,no_answer,1,plain,0
doc_extractive,diet,P053,correct,no_answer,1,plain,0
doc_extractive,diet,P054,correct,no_answer,1,plain,0
doc_extractive,diet,P055,wrong,no_answer,0,plain,0
doc_extractive,diet,P056,no_answer,no_answer,0,plain,0
doc_extractive,diet,P057,correct,no_answer,1,plain,0
doc_extractive,diet,P058,correct,correct,1,plain,1
doc_extractive,diet,P059,no_answer,no_answer,0,plain,0
doc_extractive,diet,P060,correct,no_answer,1,plain,0
doc_extractive,diet,P061,no_answer,no_answer,0,plain,0
doc_extractive,diet,P062,no_answer,no_answer,0,plain,0
doc_extractive,diet,P063,correct,no_answer,1,plain,0
doc_extractive,diet,P064,correct,no_answer,1,plain,0
doc_extractive,diet,P065,no_answer,no_answer,0,plain,0
doc_extractive,diet,P066,correct,no_answer,0,plain,0
doc_extractive,diet,P067,correct,no_answer,1,plain,0
doc_extractive,diet,P068,correct,no_answer,1,plain,0
doc_extractive,diet,P069,correct,no_answer,1,plain,0
doc_extractive,diet,P070,correct,no_answer,1,plain,1
doc_extractive,diet,P071,no_answer,no_answer,0,plain,0
doc_extractive,diet,P072,correct,wrong,0,plain,1
doc_extractive,diet,P073,correct,correct,1,plain,1
doc_extractive,diet,P074,correct,no_answer,1,plain,0
doc_extractive,diet,P075,no_answer,no_answer,0,plain,0
doc_extractive,diet,P076,correct,no_answer,1,plain,0
doc_extractive,diet,P077,correct,no_answer,1,plain,0
doc_extractive,diet,P078,correct,no_answer,1,plain,0
doc_extractive,diet,P079,wrong,no_answer,0,plain,1
doc_extractive,diet,P080,wrong,no_answer,0,plain,0
doc_extractive,diet,P081,correct,no_answer,1,plain,0
doc_extractive,diet,P082,correct,correct,1,plain,0
doc_extractive,diet,P083,wrong,wrong,0,plain,0
doc_extractive,diet,P084,correct,correct,1,plain,0
doc_extractive,diet,P085,correct,correct,1,plain,0
doc_extractive,diet,P086,correct,correct,1,plain,0
doc_extractive,diet,P087,correct,correct,1,plain,0
doc_extractive,diet,P088,correct,correct,1,plain,0
doc_extractive,diet,P089,correct,wrong,0,plain,0
doc_extractive,diet,P090,correct,correct,0,plain,0
doc_extractive,diet,P091,correct,correct,1,plain,0
doc_extractive,diet,P092,no_answer,wrong,0,plain,0
doc_extractive,diet,P093,correct,no_answer,1,plain,0
doc_extractive,diet,P094,correct,correct,1,plain,0
doc_extractive,diet,P095,correct,correct,1,plain,0
doc_extractive,diet,P096,no_answer,no_answer,0,plain,0
doc_extractive,diet,P097,correct,wrong,0,plain,0
doc_extractive,diet,P098,correct,correct,0,plain,0
doc_extractive,diet,P099,correct,correct,1,plain,0
doc_extractive,diet,P100,correct,correct,0,plain,0
doc_extractive,diet,P101,correct,correct,1,plain,0
doc_extractive,diet,P102,correct,correct,1,plain,0
doc_extractive,body_size_negative,N001,correct,correct,,plain,0
doc_extractive,body_size_negative,N002,correct,correct,,plain,0
doc_extractive,body_size_negative,N003,correct,correct,,plain,0
doc_extractive,body_size_negative,N004,correct,correct,,plain,0
doc_extractive,body_size_negative,N005,correct,correct,,plain,0
doc_extractive,body_size_negative,N006,correct,correct,,plain,0
doc_extractive,body_size_negative,N007,correct,correct,,plain,0
doc_extractive,body_size_negative,N008,correct,correct,,plain,0
doc_extractive,body_size_negative,N009,correct,correct,,plain,0
doc_extractive,body_size_negative,N010,correct,correct,,plain,0
doc_extractive,body_size_negative,N011,correct,correct,,plain,0
doc_extractive,body_size_negative,N012,correct,correct,,plain,0
doc_extractive,body_size_negative,N013,correct,correct,,plain,0
doc_extractive,body_size_negative,N014,correct,correct,,plain,0
doc_extractive,body_size_negative,N015,correct,correct,,plain,0
doc_extractive,body_size_negative,N016,correct,correct,,plain,0
doc_extractive,body_size_negative,N017,correct,correct,,plain,0
doc_extractive,body_size_negative,N018,correct,correct,,plain,0
doc_extractive,body_size_negative,N019,correct,correct,,plain,0
doc_extractive,body_size_negative,N020,correct,correct,,plain,0
doc_extractive,body_size_negative,N021,correct,correct,,plain,0
doc_extractive,body_size_negative,N022,correct,correct,,plain,0
doc_extractive,body_size_negative,N023,correct,correct,,plain,0
doc_extractive,body_size_negative,N024,correct,correct,,plain,0
doc_extractive,body_size_negative,N025,correct,correct,,plain,0
doc_extractive,body_size_negative,N026,correct,correct,,plain,0
doc_extractive,body_size_negative,N027,correct,correct,,plain,0
doc_extractive,body_size_negative,N028,correct,correct,,plain,0
doc_extractive,body_size_negative,N029,correct,correct,,plain,0
doc_extractive,body_size_negative,N030,correct,correct,,plain,0
doc_extractive,diet_negative,N031,correct,correct,,plain,0
doc_extractive,diet_negative,N032,correct,correct,,plain,0
doc_extractive,diet_negative,N033,correct,correct,,plain,0
doc_extractive,diet_negative,N034,correct,correct,,plain,0
doc_extractive,diet_negative,N035,correct,correct,,plain,0
doc_extractive,diet_negative,N036,wrong,correct,,plain,0
doc_extractive,diet_negative,N037,correct,correct,,plain,0
doc_extractive,diet_negative,N038,wrong,correct,,plain,0
doc_extractive,diet_negative,N039,correct,correct,,plain,0
doc_extractive,diet_negative,N040,correct,correct,,plain,0
doc_extractive,diet_negative,N041,correct,correct,,plain,1
doc_extractive,diet_negative,N042,correct,correct,,plain,0
doc_extractive,diet_negative,N043,correct,correct,,plain,0
doc_extractive,diet_negative,N044,wrong,correct,,plain,0
doc_extractive,diet_negative,N045,correct,correct,,plain,0
doc_extractive,diet_negative,N046,correct,correct,,plain,0
doc_extractive,diet_negative,N047,correct,correct,,plain,0
doc_extractive,diet_negative,N048,correct,correct,,hedged,0
doc_extractive,diet_negative,N049,correct,correct,,plain,0
doc_extractive,diet_negative,N050,correct,correct,,plain,0
doc_extractive,diet_negative,N051,correct,correct,,plain,0
doc_extractive,diet_negative,N052,wrong,correct,,plain,0
doc_extractive,diet_negative,N053,correct,correct,,plain,0
doc_extractive,diet_negative,N054,wrong,correct,,plain,0
doc_extractive,diet_negative,N055,correct,correct,,plain,0
doc_extractive,diet_negative,N056,wrong,correct,,plain,0
doc_extractive,diet_negative,N057,correct,correct,,plain,0
doc_extractive,diet_negative,N058,wrong,correct,,plain,0
doc_extractive,diet_negative,N059,correct,correct,,hedged,0
doc_extractive,diet_negative,N060,correct,correct,,plain,0
doc_generative,body_size,K001,no_answer,no_answer,,denies,1
doc_generative,habitat,K003,no_answer,no_answer,,denies,1
doc_generative,body_size,K005,correct,correct,,hedged,1
doc_generative,habitat,K007,wrong,wrong,,plain,1
doc_generative,body_size,K011,no_answer,no_answer,,denies,1
doc_generative,body_size,K012,correct,correct,,hedged,1
doc_generative,body_size,K014,correct,correct,,plain,1
doc_generative,habitat,K019,no_answer,no_answer,,denies,1
doc_generative,habitat,K021,no_answer,no_answer,,denies,1
doc_generative,habitat,K025,correct,no_answer,,hedged,1
doc_generative,body_size,K026,no_answer,no_answer,,denies,1
doc_generative,body_size,K029,no_answer,no_answer,,denies,1
doc_generative,body_size,K030,no_answer,no_answer,,denies,1
doc_generative,habitat,K037,correct,correct,,denies,0
doc_generative,habitat,K044,correct,correct,,hedged,1
doc_generative,body_size,K047,correct,correct,,plain,1
doc_generative,body_size,K049,wrong,wrong,,plain,1
doc_generative,habitat,K051,correct,correct,,plain,1
doc_generative,habitat,K058,correct,correct,,plain,1
doc_generative,habitat,K059,correct,correct,,denies,1
doc_generative,body_size,K064,wrong,no_answer,,hedged,1
doc_generative,body_size,K068,correct,correct,,plain,1
doc_generative,body_size,K069,correct,correct,,plain,1
doc_generative,habitat,K070,correct,correct,,plain,1
doc_generative,habitat,K072,correct,no_answer,,plain,1
doc_generative,body_size,K074,no_answer,no_answer,,denies,1
doc_generative,habitat,K077,correct,correct,,plain,1
doc_generative,body_size,K082,no_answer,no_answer,,denies,1
doc_generative,habitat,K085,correct,correct,,hedged,1
doc_generative,habitat,K087,no_answer,no_answer,,denies,1
doc_generative,habitat,K091,correct,correct,,plain,1
doc_generative,habitat,K093,wrong,no_answer,,hedged,1
doc_generative,body_size,K094,correct,correct,,plain,1
doc_generative,body_size,K101,no_answer,no_answer,,denies,1
doc_generative,habitat,K105,correct,correct,,denies,1
doc_generative,habitat,K112,geography,no_answer,,denies,1
doc_generative,body_size,K113,correct,correct,,plain,1
doc_generative,body_size,K117,correct,correct,,plain,1
doc_generative,body_size,K119,correct,correct,,hedged,1
doc_generative,body_size,K121,no_answer,no_answer,,denies,1
doc_generative,habitat,K123,wrong,no_answer,,plain,1
doc_generative,habitat,K124,no_answer,no_answer,,denies,1
doc_generative,body_size,K129,correct,correct,,plain,1
doc_generative,body_size,K135,correct,correct,,plain,1
doc_generative,body_size,K136,no_answer,no_answer,,denies,1
doc_generative,body_size,K137,no_answer,no_answer,,denies,1
doc_generative,habitat,K138,no_answer,no_answer,,denies,1
doc_generative,habitat,K147,no_answer,no_answer,,denies,1
doc_generative,habitat,K149,no_answer,no_answer,,denies,1
doc_generative,habitat,K150,no_answer,no_answer,,hedged,1
doc_generative,body_size,K151,correct,correct,,plain,1
doc_generative,body_size,K152,no_answer,no_answer,,denies,1
doc_generative,body_size,K153,correct,correct,,plain,1
doc_generative,body_size,K154,no_answer,no_answer,,denies,1
doc_generative,body_size,K155,correct,correct,,plain,1
doc_generative,body_size,K156,no_answer,no_answer,,denies,1
doc_generative,body_size,K157,no_answer,no_answer,,denies,1
doc_generative,body_size,K158,no_answer,no_answer,,denies,1
doc_generative,body_size,K160,correct,correct,,hedged,1
doc_generative,body_size,K161,no_answer,no_answer,,denies,1
doc_generative,body_size,K162,no_answer,no_answer,,denies,1
doc_generative,body_size,K163,correct,correct,,plain,1
doc_generative,body_size,K164,no_answer,no_answer,,denies,1
doc_generative,body_size,K165,correct,correct,,plain,1
doc_generative,body_size,K166,correct,correct,,plain,1
doc_generative,body_size,K167,correct,correct,,plain,1
doc_generative,body_size,K168,correct,correct,,plain,0
doc_generative,body_size,K169,no_answer,no_answer,,denies,1
doc_generative,body_size,K170,no_answer,no_answer,,denies,1
doc_generative,body_size,K171,correct,correct,,plain,1
doc_generative,body_size,K174,correct,no_answer,,plain,1
doc_generative,body_size,K175,correct,correct,,plain,1
doc_generative,body_size,K176,correct,correct,,plain,1
doc_generative,body_size,K177,no_answer,no_answer,,denies,1
doc_generative,body_size,K178,no_answer,no_answer,,denies,1
doc_generative,body_size,K179,no_answer,no_answer,,denies,1
doc_generative,body_size,K180,correct,no_answer,,hedged,1
doc_generative,body_size,K181,correct,correct,,plain,1
doc_generative,body_size,K182,no_answer,no_answer,,denies,1
doc_generative,body_size,K183,correct,correct,,plain,1
doc_generative,body_size,K184,correct,correct,,plain,1
doc_generative,body_size,K188,correct,correct,,plain,1
doc_generative,body_size,K190,correct,correct,,plain,1
doc_generative,body_size,K191,correct,correct,,plain,1
doc_generative,body_size,K192,correct,correct,,plain,1
doc_generative,habitat,K193,correct,correct,,hedged,1
doc_generative,habitat,K194,correct,correct,,plain,0
doc_generative,habitat,K197,geography,no_answer,,plain,1
doc_generative,habitat,K198,no_answer,no_answer,,denies,1
doc_generative,habitat,K199,no_answer,no_answer,,denies,1
doc_generative,habitat,K200,correct,correct,,plain,1
doc_generative,habitat,K202,correct,correct,,hedged,1
doc_generative,habitat,K204,correct,correct,,hedged,1
doc_generative,habitat,K206,no_answer,no_answer,,denies,1
doc_generative,habitat,K207,no_answer,no_answer,,denies,1
doc_generative,habitat,K208,correct,correct,,hedged,1
doc_generative,habitat,K209,no_answer,no_answer,,denies,1
doc_generative,habitat,K210,geography,no_answer,,hedged,1
doc_generative,habitat,K211,no_answer,no_answer,,denies,1
doc_generative,habitat,K212,no_answer,no_answer,,denies,1
doc_generative,habitat,K214,correct,correct,,plain,1
doc_generative,habitat,K215,no_answer,no_answer,,denies,1
doc_generative,habitat,K216,no_answer,no_answer,,denies,1
doc_generative,habitat,K218,no_answer,no_answer,,denies,1
doc_generative,habitat,K219,no_answer,no_answer,,denies,1
doc_generative,habitat,K220,no_answer,no_answer,,hedged,1
doc_generative,habitat,K221,correct,correct,,hedged,1
doc_generative,habitat,K223,correct,correct,,plain,1
doc_generative,habitat,K226,correct,correct,,hedged,1
doc_generative,habitat,K228,correct,correct,,hedged,1
doc_generative,habitat,K229,correct,correct,,hedged,1
doc_generative,habitat,K230,correct,correct,,plain,1
doc_generative,habitat,K231,no_answer,no_answer,,denies,1
doc_generative,habitat,K232,no_answer,no_answer,,denies,1
doc_generative,habitat,K233,no_answer,no_answer,,denies,1
doc_generative,diet,P001,wrong,no_answer,0,hedged,1
doc_generative,diet,P002,correct,no_answer,0,hedged,1
doc_generative,diet,P003,correct,correct,1,hedged,1
doc_generative,diet,P004,correct,no_answer,1,hedged,1
doc_generative,diet,P005,correct,correct,1,hedged,1
doc_generative,diet,P006,correct,no_answer,1,hedged,1
doc_generative,diet,P007,correct,correct,1,plain,1
doc_generative,diet,P008,correct,correct,1,plain,1
doc_generative,diet,P009,correct,no_answer,1,hedged,1
doc_generative,diet,P010,correct,correct,1,plain,1
doc_generative,diet,P011,correct,no_answer,0,plain,1
doc_generative,diet,P012,correct,no_answer,0,hedged,1
doc_generative,diet,P013,correct,correct,1,hedged,1
doc_generative,diet,P014,correct,correct,1,plain,1
doc_generative,diet,P015,correct,correct,0,hedged,1
doc_generative,diet,P016,correct,no_answer,1,hedged,1
doc_generative,diet,P017,correct,correct,1,hedged,1
doc_generative,diet,P018,correct,no_answer,0,hedged,1
doc_generative,diet,P019,correct,no_answer,1,plain,1
doc_generative,diet,P020,correct,correct,0,hedged,1
doc_generative,diet,P021,correct,correct,1,plain,1
doc_generative,diet,P022,correct,no_answer,1,hedged,1
doc_generative,diet,P023,correct,correct,0,hedged,1
doc_generative,diet,P024,correct,no_answer,0,plain,1
doc_generative,diet,P025,correct,correct,0,plain,1
doc_generative,diet,P026,correct,correct,1,hedged,1
doc_generative,diet,P027,correct,correct,0,hedged,1
doc_generative,diet,P028,correct,correct,1,hedged,1
doc_generative,diet,P029,correct,correct,0,hedged,1
doc_generative,diet,P030,correct,correct,1,hedged,1
doc_generative,diet,P031,correct,no_answer,1,hedged,1
doc_generative,diet,P032,correct,correct,1,hedged,1
doc_generative,diet,P033,correct,correct,0,hedged,1
doc_generative,diet,P034,correct,correct,1,plain,1
doc_generative,diet,P035,no_answer,no_answer,0,hedged,1
doc_generative,diet,P036,wrong,no_answer,0,hedged,1
doc_generative,diet,P037,correct,correct,1,hedged,1
doc_generative,diet,P038,correct,correct,1,plain,1
doc_generative,diet,P039,correct,correct,1,hedged,1
doc_generative,diet,P040,correct,no_answer,1,denies,1
doc_generative,diet,P041,correct,correct,1,hedged,1
doc_generative,diet,P042,no_answer,no_answer,0,hedged,1
doc_generative,diet,P043,correct,correct,1,plain,1
doc_generative,diet,P044,correct,correct,1,plain,1
doc_generative,diet,P045,no_answer,no_answer,0,hedged,1
doc_generative,diet,P046,correct,correct,1,hedged,1
doc_generative,diet,P047,correct,correct,1,hedged,1
doc_generative,diet,P048,correct,correct,1,plain,1
doc_generative,diet,P049,correct,correct,1,hedged,1
doc_generative,diet,P050,correct,correct,1,hedged,1
doc_generative,diet,P051,no_answer,no_answer,1,hedged,1
doc_generative,diet,P052,correct,no_answer,1,plain,1
doc_generative,diet,P053,correct,correct,1,hedged,1
doc_generative,diet,P054,correct,correct,1,hedged,1
doc_generative,diet,P055,wrong,no_answer,0,plain,1
doc_generative,diet,P056,correct,no_answer,1,hedged,1
doc_generative,diet,P057,no_answer,no_answer,0,hedged,1
doc_generative,diet,P058,correct,no_answer,0,hedged,1
doc_generative,diet,P059,correct,no_answer,1,hedged,1
doc_generative,diet,P060,no_answer,no_answer,0,hedged,1
doc_generative,diet,P061,correct,no_answer,1,hedged,1
doc_generative,diet,P062,wrong,wrong,0,hedged,1
doc_generative,diet,P063,correct,correct,1,hedged,1
doc_generative,diet,P064,correct,no_answer,1,denies,1
doc_generative,diet,P065,no_answer,no_answer,0,plain,1
doc_generative,diet,P066,correct,correct,1,plain,1
doc_generative,diet,P067,correct,no_answer,1,hedged,1
doc_generative,diet,P068,correct,correct,1,plain,1
doc_generative,diet,P069,correct,no_answer,1,hedged,1
doc_generative,diet,P070,correct,correct,0,plain,1
doc_generative,diet,P071,correct,correct,1,hedged,1
doc_generative,diet,P072,correct,no_answer,1,denies,1
doc_generative,diet,P073,no_answer,no_answer,0,hedged,1
doc_generative,diet,P074,correct,correct,1,hedged,1
doc_generative,diet,P075,no_answer,no_answer,0,denies,1
doc_generative,diet,P076,wrong,no_answer,0,hedged,1
doc_generative,diet,P077,correct,correct,1,hedged,1
doc_generative,diet,P078,correct,no_answer,1,hedged,1
doc_generative,diet,P079,wrong,no_answer,0,denies,1
doc_generative,diet,P080,correct,correct,1,hedged,1
doc_generative,diet,P081,correct,correct,1,plain,1
doc_generative,diet,P082,correct,correct,1,hedged,0
doc_generative,diet,P083,correct,wrong,1,plain,0
doc_generative,diet,P084,correct,correct,1,plain,0
doc_generative,diet,P085,correct,correct,1,hedged,0
doc_generative,diet,P086,correct,correct,1,plain,0
doc_generative,diet,P087,correct,correct,1,plain,0
doc_generative,diet,P088,correct,correct,1,plain,0
doc_generative,diet,P089,correct,correct,0,plain,0
doc_generative,diet,P090,correct,no_answer,1,hedged,0
doc_generative,diet,P091,correct,correct,1,hedged,0
doc_generative,diet,P092,correct,correct,0,hedged,0
doc_generative,diet,P093,correct,correct,1,plain,0
doc_generative,diet,P094,correct,correct,1,plain,0
doc_generative,diet,P095,correct,correct,1,hedged,0
doc_generative,diet,P096,correct,correct,1,hedged,0
doc_generative,diet,P097,correct,correct,0,hedged,0
doc_generative,diet,P098,correct,correct,1,hedged,0
doc_generative,diet,P099,correct,correct,1,hedged,0
doc_generative,diet,P100,correct,correct,0,hedged,0
doc_generative,diet,P101,correct,correct,1,plain,0
doc_generative,diet,P102,correct,correct,1,hedged,0
doc_generative,body_size_negative,N001,correct,correct,,denies,1
doc_generative,body_size_negative,N002,correct,correct,,denies,1
doc_generative,body_size_negative,N003,correct,correct,,denies,1
doc_generative,body_size_negative,N004,correct,correct,,denies,1
doc_generative,body_size_negative,N005,correct,correct,,denies,1
doc_generative,body_size_negative,N006,correct,correct,,denies,1
doc_generative,body_size_negative,N007,correct,correct,,denies,1
doc_generative,body_size_negative,N008,correct,correct,,denies,1
doc_generative,body_size_negative,N009,correct,correct,,denies,1
doc_generative,body_size_negative,N010,correct,correct,,denies,1
doc_generative,body_size_negative,N011,correct,correct,,denies,1
doc_generative,body_size_negative,N012,correct,correct,,denies,1
doc_generative,body_size_negative,N013,correct,correct,,denies,1
doc_generative,body_size_negative,N014,correct,correct,,denies,1
doc_generative,body_size_negative,N015,correct,correct,,denies,1
doc_generative,body_size_negative,N016,correct,correct,,denies,1
doc_generative,body_size_negative,N017,correct,correct,,denies,1
doc_generative,body_size_negative,N018,correct,correct,,denies,1
doc_generative,body_size_negative,N019,correct,correct,,denies,1
doc_generative,body_size_negative,N020,correct,correct,,denies,1
doc_generative,body_size_negative,N021,correct,correct,,denies,1
doc_generative,body_size_negative,N022,correct,correct,,denies,1
doc_generative,body_size_negative,N023,correct,correct,,denies,1
doc_generative,body_size_negative,N024,correct,correct,,denies,1
doc_generative,body_size_negative,N025,correct,correct,,denies,1
doc_generative,body_size_negative,N026,correct,correct,,denies,1
doc_generative,body_size_negative,N027,correct,correct,,denies,1
doc_generative,body_size_negative,N028,correct,correct,,denies,1
doc_generative,body_size_negative,N029,correct,correct,,denies,1
doc_generative,body_size_negative,N030,correct,correct,,denies,1
doc_generative,diet_negative,N031,correct,correct,,denies,1
doc_generative,diet_negative,N032,correct,correct,,denies,1
doc_generative,diet_negative,N033,correct,correct,,denies,1
doc_generative,diet_negative,N034,correct,correct,,denies,1
doc_generative,diet_negative,N035,correct,correct,,denies,1
doc_generative,diet_negative,N036,correct,correct,,denies,1
doc_generative,diet_negative,N037,correct,correct,,denies,1
doc_generative,diet_negative,N038,correct,correct,,denies,1
doc_generative,diet_negative,N039,correct,correct,,denies,1
doc_generative,diet_negative,N040,correct,correct,,denies,1
doc_generative,diet_negative,N041,correct,correct,,denies,1
doc_generative,diet_negative,N042,correct,correct,,denies,1
doc_generative,diet_negative,N043,correct,correct,,denies,1
doc_generative,diet_negative,N044,correct,correct,,denies,1
doc_generative,diet_negative,N045,correct,correct,,denies,1
doc_generative,diet_negative,N046,correct,correct,,denies,1
doc_generative,diet_negative,N047,correct,correct,,denies,1
doc_generative,diet_negative,N048,correct,correct,,denies,1
doc_generative,diet_negative,N049,correct,correct,,denies,1
doc_generative,diet_negative,N050,correct,correct,,denies,1
doc_generative,diet_negative,N051,correct,correct,,denies,1
doc_generative,diet_negative,N052,correct,correct,,denies,1
doc_generative,diet_negative,N053,correct,correct,,denies,1
doc_generative,diet_negative,N054,correct,correct,,denies,1
doc_generative,diet_negative,N055,correct,correct,,denies,1
doc_generative,diet_negative,N056,correct,correct,,denies,1
doc_generative,diet_negative,N057,correct,correct,,denies,1
doc_generative,diet_negative,N058,correct,correct,,hedged,1
doc_generative,diet_negative,N059,correct,correct,,denies,1
doc_generative,diet_negative,N060,correct,correct,,denies,1
e2e_sparse_extractive,body_size,K001,correct,correct,,plain,0
e2e_sparse_extractive,habitat,K003,wrong,wrong,,plain,0
e2e_sparse_extractive,body_size,K005,correct,correct,,plain,0
e2e_sparse_extractive,habitat,K007,correct,no_answer,,plain,0
e2e_sparse_extractive,body_size,K011,correct,correct,,plain,0
e2e_sparse_extractive,body_size,K012,wrong,wrong,,plain,0
e2e_sparse_extractive,body_size,K014,correct,correct,,plain,0
e2e_sparse_extractive,habitat,K019,correct,correct,,plain,0
e2e_sparse_extractive,habitat,K021,no_answer,no_answer,,plain,0
e2e_sparse_extractive,habitat,K025,no_answer,no_answer,,empty,0
e2e_sparse_extractive,body_size,K026,wrong,wrong,,plain,0
e2e_sparse_extractive,body_size,K029,wrong,wrong,,plain,0
e2e_sparse_extractive,body_size,K030,correct,correct,,plain,0
e2e_sparse_extractive,habitat,K037,wrong,wrong,,plain,0
e2e_sparse_extractive,habitat,K044,correct,correct,,plain,0
e2e_sparse_extractive,body_size,K047,correct,correct,,plain,0
e2e_sparse_extractive,body_size,K049,no_answer,no_answer,,plain,0
e2e_sparse_extractive,habitat,K051,no_answer,no_answer,,empty,0
e2e_sparse_extractive,habitat,K058,geography,no_answer,,plain,0
e2e_sparse_extractive,habitat,K059,no_answer,no_answer,,empty,0
e2e_sparse_extractive,body_size,K064,correct,correct,,plain,0
e2e_sparse_extractive,body_size,K068,correct,correct,,plain,0
e2e_sparse_extractive,body_size,K069,wrong,no_answer,,plain,0
e2e_sparse_extractive,habitat,K070,correct,correct,,plain,0
e2e_sparse_extractive,habitat,K072,geography,no_answer,,plain,0
e2e_sparse_extractive,body_size,K074,correct,correct,,plain,0
e2e_sparse_extractive,habitat,K077,correct,correct,,plain,0
e2e_sparse_extractive,body_size,K082,wrong,wrong,,plain,0
e2e_sparse_extractive,habitat,K085,no_answer,no_answer,,empty,0
e2e_sparse_extractive,habitat,K087,no_answer,no_answer,,empty,0
e2e_sparse_extractive,habitat,K091,correct,correct,,plain,0
e2e_sparse_extractive,habitat,K093,wrong,wrong,,plain,0
e2e_sparse_extractive,body_size,K094,wrong,wrong,,plain,0
e2e_sparse_extractive,body_size,K101,wrong,wrong,,plain,0
e2e_sparse_extractive,habitat,K105,no_answer,no_answer,,plain,0
e2e_sparse_extractive,habitat,K112,correct,correct,,plain,0
e2e_sparse_extractive,body_size,K113,wrong,no_answer,,plain,0
e2e_sparse_extractive,body_size,K117,no_answer,no_answer,,plain,0
e2e_sparse_extractive,body_size,K119,wrong,no_answer,,plain,0
e2e_sparse_extractive,body_size,K121,correct,correct,,plain,0
e2e_sparse_extractive,habitat,K123,no_answer,no_answer,,plain,0
e2e_sparse_extractive,habitat,K124,wrong,no_answer,,plain,0
e2e_sparse_extractive,body_size,K129,correct,correct,,plain,0
e2e_sparse_extractive,body_size,K135,correct,correct,,plain,0
e2e_sparse_extractive,body_size,K136,wrong,wrong,,plain,0
e2e_sparse_extractive,body_size,K137,wrong,wrong,,plain,0
e2e_sparse_extractive,habitat,K138,correct,correct,,plain,0
e2e_sparse_extractive,habitat,K147,no_answer,no_answer,,empty,0
e2e_sparse_extractive,habitat,K149,no_answer,no_answer,,plain,0
e2e_sparse_extractive,habitat,K150,no_answer,no_answer,,empty,0
e2e_sparse_extractive,body_size,K151,no_answer,no_answer,,plain,0
e2e_sparse_extractive,body_size,K152,correct,correct,,plain,0
e2e_sparse_extractive,body_size,K153,correct,correct,,plain,0
e2e_sparse_extractive,body_size,K154,correct,correct,,plain,0
e2e_sparse_extractive,body_size,K155,wrong,wrong,,plain,0
e2e_sparse_extractive,body_size,K156,correct,correct,,plain,0
e2e_sparse_extractive,body_size,K157,correct,correct,,plain,0
e2e_sparse_extractive,body_size,K158,wrong,wrong,,plain,0
e2e_sparse_extractive,body_size,K160,wrong,wrong,,plain,0
e2e_sparse_extractive,body_size,K161,correct,correct,,plain,0
e2e_sparse_extractive,body_size,K162,no_answer,no_answer,,plain,0
e2e_sparse_extractive,body_size,K163,correct,correct,,plain,0
e2e_sparse_extractive,body_size,K164,correct,correct,,plain,0
e2e_sparse_extractive,body_size,K165,no_answer,no_answer,,plain,0
e2e_sparse_extractive,body_size,K166,correct,correct,,plain,0
e2e_sparse_extractive,body_size,K167,correct,correct,,plain,0
e2e_sparse_extractive,body_size,K168,correct,correct,,plain,0
e2e_sparse_extractive,body_size,K169,correct,correct,,plain,0
e2e_sparse_extractive,body_size,K170,wrong,no_answer,,plain,0
e2e_sparse_extractive,body_size,K171,correct,correct,,plain,0
e2e_sparse_extractive,body_size,K174,correct,no_answer,,plain,0
e2e_sparse_extractive,body_size,K175,no_answer,no_answer,,plain,0
e2e_sparse_extractive,body_size,K176,wrong,no_answer,,plain,0
e2e_sparse_extractive,body_size,K177,correct,correct,,plain,0
e2e_sparse_extractive,body_size,K178,wrong,wrong,,plain,0
e2e_sparse_extractive,body_size,K179,correct,correct,,plain,0
e2e_sparse_extractive,body_size,K180,no_answer,no_answer,,plain,0
e2e_sparse_extractive,body_size,K181,correct,correct,,plain,0
e2e_sparse_extractive,body_size,K182,wrong,wrong,,plain,0
e2e_sparse_extractive,body_size,K183,correct,correct,,plain,0
e2e_sparse_extractive,body_size,K184,no_answer,no_answer,,plain,0
e2e_sparse_extractive,body_size,K188,correct,correct,,plain,0
e2e_sparse_extractive,body_size,K190,correct,correct,,plain,0
e2e_sparse_extractive,body_size,K191,wrong,wrong,,plain,0
e2e_sparse_extractive,body_size,K192,wrong,wrong,,plain,0
e2e_sparse_extractive,habitat,K193,no_answer,no_answer,,empty,0
e2e_sparse_extractive,habitat,K194,correct,correct,,plain,0
e2e_sparse_extractive,habitat,K197,correct,correct,,plain,0
e2e_sparse_extractive,habitat,K198,correct,correct,,plain,0
e2e_sparse_extractive,habitat,K199,no_answer,no_answer,,empty,0
e2e_sparse_extractive,habitat,K200,no_answer,no_answer,,plain,0
e2e_sparse_extractive,habitat,K202,wrong,wrong,,plain,0
e2e_sparse_extractive,habitat,K204,no_answer,no_answer,,plain,0
e2e_sparse_extractive,habitat,K206,wrong,wrong,,plain,0
e2e_sparse_extractive,habitat,K207,geography,no_answer,,plain,0
e2e_sparse_extractive,habitat,K208,no_answer,no_answer,,plain,0
e2e_sparse_extractive,habitat,K209,correct,correct,,plain,0
e2e_sparse_extractive,habitat,K210,wrong,wrong,,plain,0
e2e_sparse_extractive,habitat,K211,wrong,wrong,,plain,0
e2e_sparse_extractive,habitat,K212,correct,correct,,plain,0
e2e_sparse_extractive,habitat,K214,geography,no_answer,,plain,0
e2e_sparse_extractive,habitat,K215,no_answer,no_answer,,plain,0
e2e_sparse_extractive,habitat,K216,no_answer,no_answer,,empty,0
e2e_sparse_extractive,habitat,K218,wrong,wrong,,plain,0
e2e_sparse_extractive,habitat,K219,no_answer,no_answer,,empty,0
e2e_sparse_extractive,habitat,K220,geography,no_answer,,plain,1
e2e_sparse_extractive,habitat,K221,correct,correct,,plain,0
e2e_sparse_extractive,habitat,K223,correct,correct,,plain,0
e2e_sparse_extractive,habitat,K226,no_answer,no_answer,,plain,0
e2e_sparse_extractive,habitat,K228,no_answer,no_answer,,plain,0
e2e_sparse_extractive,habitat,K229,no_answer,no_answer,,plain,0
e2e_sparse_extractive,habitat,K230,geography,no_answer,,plain,0
e2e_sparse_extractive,habitat,K231,wrong,no_answer,,plain,0
e2e_sparse_extractive,habitat,K232,no_answer,no_answer,,empty,0
e2e_sparse_extractive,habitat,K233,no_answer,no_answer,,empty,0
e2e_sparse_extractive,diet,P001,wrong,no_answer,0,plain,0
e2e_sparse_extractive,diet,P002,no_answer,no_answer,0,plain,0
e2e_sparse_extractive,diet,P003,correct,no_answer,1,plain,0
e2e_sparse_extractive,diet,P004,no_answer,no_answer,0,plain,0
e2e_sparse_extractive,diet,P005,no_answer,no_answer,0,plain,0
e2e_sparse_extractive,diet,P006,no_answer,no_answer,0,plain,0
e2e_sparse_extractive,diet,P007,correct,no_answer,1,plain,0
e2e_sparse_extractive,diet,P008,no_answer,no_answer,0,plain,0
e2e_sparse_extractive,diet,P009,correct,no_answer,1,plain,0
e2e_sparse_extractive,diet,P010,no_answer,no_answer,0,plain,0
e2e_sparse_extractive,diet,P011,correct,no_answer,0,plain,0
e2e_sparse_extractive,diet,P012,correct,no_answer,0,plain,0
e2e_sparse_extractive,diet,P013,no_answer,no_answer,0,plain,0
e2e_sparse_extractive,diet,P014,no_answer,no_answer,0,plain,0
e2e_sparse_extractive,diet,P015,no_answer,no_answer,0,plain,0
e2e_sparse_extractive,diet,P016,no_answer,no_answer,0,plain,0
e2e_sparse_extractive,diet,P017,no_answer,no_answer,0,plain,0
e2e_sparse_extractive,diet,P018,no_answer,no_answer,0,plain,0
e2e_sparse_extractive,diet,P019,no_answer,no_answer,0,plain,0
e2e_sparse_extractive,diet,P020,no_answer,no_answer,0,plain,0
e2e_sparse_extractive,diet,P021,no_answer,no_answer,0,plain,0
e2e_sparse_extractive,diet,P022,no_answer,no_answer,0,plain,0
e2e_sparse_extractive,diet,P023,no_answer,no_answer,0,plain,0
e2e_sparse_extractive,diet,P024,no_answer,no_answer,0,plain,0
e2e_sparse_extractive,diet,P025,no_answer,no_answer,0,plain,0
e2e_sparse_extractive,diet,P026,no_answer,no_answer,0,plain,0
e2e_sparse_extractive,diet,P027,no_answer,no_answer,0,plain,0
e2e_sparse_extractive,diet,P028,no_answer,no_answer,0,plain,0
e2e_sparse_extractive,diet,P029,correct,no_answer,0,plain,0
e2e_sparse_extractive,diet,P030,no_answer,no_answer,0,plain,0
e2e_sparse_extractive,diet,P031,correct,no_answer,1,plain,0
e2e_sparse_extractive,diet,P032,correct,no_answer,0,plain,0
e2e_sparse_extractive,diet,P033,no_answer,no_answer,0,plain,0
e2e_sparse_extractive,diet,P034,no_answer,no_answer,0,plain,0
e2e_sparse_extractive,diet,P035,no_answer,no_answer,0,plain,0
e2e_sparse_extractive,diet,P036,correct,no_answer,1,plain,0
e2e_sparse_extractive,diet,P037,correct,no_answer,0,plain,0
e2e_sparse_extractive,diet,P038,correct,no_answer,1,plain,0
e2e_sparse_extractive,diet,P039,no_answer,no_answer,0,plain,0
e2e_sparse_extractive,diet,P040,no_answer,no_answer,0,plain,0
e2e_sparse_extractive,diet,P041,no_answer,no_answer,0,plain,0
e2e_sparse_extractive,diet,P042,no_answer,no_answer,0,plain,0
e2e_sparse_extractive,diet,P043,no_answer,no_answer,0,plain,0
e2e_sparse_extractive,diet,P044,no_answer,no_answer,0,plain,0
e2e_sparse_extractive,diet,P045,correct,no_answer,1,plain,0
e2e_sparse_extractive,diet,P046,no_answer,no_answer,0,plain,0
e2e_sparse_extractive,diet,P047,no_answer,no_answer,0,plain,0
e2e_sparse_extractive,diet,P048,no_answer,no_answer,0,plain,0
e2e_sparse_extractive,diet,P049,no_answer,no_answer,0,plain,0
e2e_sparse_extractive,diet,P050,no_answer,no_answer,0,plain,0
e2e_sparse_extractive,diet,P051,no_answer,no_answer,0,plain,0
e2e_sparse_extractive,diet,P052,correct,no_answer,1,plain,0
e2e_sparse_extractive,diet,P053,no_answer,no_answer,0,plain,0
e2e_sparse_extractive,diet,P054,no_answer,no_answer,0,plain,0
e2e_sparse_extractive,diet,P055,no_answer,no_answer,0,plain,0
e2e_sparse_extractive,diet,P056,no_answer,no_answer,0,plain,0
e2e_sparse_extractive,diet,P057,correct,no_answer,0,plain,0
e2e_sparse_extractive,diet,P058,no_answer,no_answer,0,plain,0
e2e_sparse_extractive,diet,P059,no_answer,no_answer,0,plain,0
e2e_sparse_extractive,diet,P060,no_answer,no_answer,0,plain,0
e2e_sparse_extractive,diet,P061,no_answer,no_answer,0,plain,0
e2e_sparse_extractive,diet,P062,no_answer,no_answer,0,plain,0
e2e_sparse_extractive,diet,P063,no_answer,no_answer,0,plain,0
e2e_sparse_extractive,diet,P064,no_answer,no_answer,0,plain,0
e2e_sparse_extractive,diet,P065,no_answer,no_answer,0,plain,0
e2e_sparse_extractive,diet,P066,correct,no_answer,0,plain,0
e2e_sparse_extractive,diet,P067,correct,no_answer,1,plain,0
e2e_sparse_extractive,diet,P068,correct,no_answer,0,plain,0
e2e_sparse_extractive,diet,P069,correct,no_answer,0,plain,0
e2e_sparse_extractive,diet,P070,correct,no_answer,0,plain,0
e2e_sparse_extractive,diet,P071,correct,no_answer,0,plain,0
e2e_sparse_extractive,diet,P072,correct,no_answer,1,plain,0
e2e_sparse_extractive,diet,P073,wrong,no_answer,0,plain,0
e2e_sparse_extractive,diet,P074,no_answer,no_answer,0,plain,0
e2e_sparse_extractive,diet,P075,no_answer,no_answer,0,plain,0
e2e_sparse_extractive,diet,P076,correct,no_answer,1,plain,0
e2e_sparse_extractive,diet,P077,no_answer,no_answer,0,plain,0
e2e_sparse_extractive,diet,P078,correct,no_answer,1,plain,0
e2e_sparse_extractive,diet,P079,no_answer,no_answer,0,plain,0
e2e_sparse_extractive,diet,P080,no_answer,no_answer,0,plain,0
e2e_sparse_extractive,diet,P081,correct,no_answer,1,plain,0
e2e_sparse_extractive,diet,P082,no_answer,no_answer,0,plain,0
e2e_sparse_extractive,diet,P083,wrong,wrong,0,plain,0
e2e_sparse_extractive,diet,P084,correct,correct,1,plain,0
e2e_sparse_extractive,diet,P085,no_answer,no_answer,0,plain,0
e2e_sparse_extractive,diet,P086,no_answer,no_answer,0,plain,0
e2e_sparse_extractive,diet,P087,no_answer,no_answer,0,plain,0
e2e_sparse_extractive,diet,P088,no_answer,no_answer,0,plain,0
e2e_sparse_extractive,diet,P089,wrong,wrong,0,plain,0
e2e_sparse_extractive,diet,P090,wrong,wrong,0,plain,0
e2e_sparse_extractive,diet,P091,correct,correct,1,plain,0
e2e_sparse_extractive,diet,P092,wrong,wrong,0,plain,0
e2e_sparse_extractive,diet,P093,correct,correct,0,plain,0
e2e_sparse_extractive,diet,P094,correct,correct,1,plain,0
e2e_sparse_extractive,diet,P095,no_answer,no_answer,0,plain,0
e2e_sparse_extractive,diet,P096,wrong,wrong,0,plain,0
e2e_sparse_extractive,diet,P097,correct,correct,0,plain,0
e2e_sparse_extractive,diet,P098,correct,correct,0,plain,0
e2e_sparse_extractive,diet,P099,no_answer,no_answer,0,plain,0
e2e_sparse_extractive,diet,P100,correct,correct,0,plain,0
e2e_sparse_extractive,diet,P101,correct,correct,0,plain,0
e2e_sparse_extractive,diet,P102,wrong,wrong,0,plain,0
e2e_sparse_extractive,body_size_negative,N001,wrong,wrong,,plain,0
e2e_sparse_extractive,body_size_negative,N002,correct,correct,,plain,0
e2e_sparse_extractive,body_size_negative,N003,correct,correct,,plain,0
e2e_sparse_extractive,body_size_negative,N004,correct,correct,,plain,0
e2e_sparse_extractive,body_size_negative,N005,wrong,wrong,,plain,0
e2e_sparse_extractive,body_size_negative,N006,wrong,wrong,,plain,0
e2e_sparse_extractive,body_size_negative,N007,wrong,wrong,,plain,0
e2e_sparse_extractive,body_size_negative,N008,correct,correct,,plain,0
e2e_sparse_extractive,body_size_negative,N009,wrong,wrong,,plain,0
e2e_sparse_extractive,body_size_negative,N010,correct,correct,,empty,0
e2e_sparse_extractive,body_size_negative,N011,wrong,wrong,,plain,0
e2e_sparse_extractive,body_size_negative,N012,wrong,wrong,,plain,0
e2e_sparse_extractive,body_size_negative,N013,wrong,wrong,,plain,0
e2e_sparse_extractive,body_size_negative,N014,wrong,wrong,,plain,0
e2e_sparse_extractive,body_size_negative,N015,correct,correct,,plain,0
e2e_sparse_extractive,body_size_negative,N016,correct,correct,,empty,0
e2e_sparse_extractive,body_size_negative,N017,wrong,wrong,,plain,0
e2e_sparse_extractive,body_size_negative,N018,wrong,wrong,,plain,0
e2e_sparse_extractive,body_size_negative,N019,correct,correct,,plain,0
e2e_sparse_extractive,body_size_negative,N020,wrong,wrong,,plain,0
e2e_sparse_extractive,body_size_negative,N021,wrong,wrong,,plain,0
e2e_sparse_extractive,body_size_negative,N022,wrong,wrong,,plain,0
e2e_sparse_extractive,body_size_negative,N023,wrong,wrong,,plain,0
e2e_sparse_extractive,body_size_negative,N024,wrong,wrong,,plain,0
e2e_sparse_extractive,body_size_negative,N025,wrong,wrong,,plain,0
e2e_sparse_extractive,body_size_negative,N026,wrong,wrong,,plain,0
e2e_sparse_extractive,body_size_negative,N027,wrong,wrong,,plain,0
e2e_sparse_extractive,body_size_negative,N028,wrong,wrong,,plain,0
e2e_sparse_extractive,body_size_negative,N029,wrong,wrong,,plain,0
e2e_sparse_extractive,body_size_negative,N030,wrong,wrong,,plain,0
e2e_sparse_extractive,diet_negative,N031,correct,correct,,plain,0
e2e_sparse_extractive,diet_negative,N032,wrong,correct,,plain,0
e2e_sparse_extractive,diet_negative,N033,correct,correct,,plain,0
e2e_sparse_extractive,diet_negative,N034,correct,correct,,plain,0
e2e_sparse_extractive,diet_negative,N035,correct,correct,,plain,0
e2e_sparse_extractive,diet_negative,N036,wrong,correct,,plain,0
e2e_sparse_extractive,diet_negative,N037,correct,correct,,plain,0
e2e_sparse_extractive,diet_negative,N038,wrong,correct,,plain,0
e2e_sparse_extractive,diet_negative,N039,wrong,correct,,plain,0
e2e_sparse_extractive,diet_negative,N040,correct,correct,,plain,0
e2e_sparse_extractive,diet_negative,N041,correct,correct,,plain,0
e2e_sparse_extractive,diet_negative,N042,correct,correct,,plain,0
e2e_sparse_extractive,diet_negative,N043,correct,correct,,plain,0
e2e_sparse_extractive,diet_negative,N044,wrong,correct,,plain,0
e2e_sparse_extractive,diet_negative,N045,wrong,correct,,plain,0
e2e_sparse_extractive,diet_negative,N046,correct,correct,,plain,0
e2e_sparse_extractive,diet_negative,N047,correct,correct,,plain,0
e2e_sparse_extractive,diet_negative,N048,correct,correct,,plain,0
e2e_sparse_extractive,diet_negative,N049,wrong,correct,,plain,0
e2e_sparse_extractive,diet_negative,N050,correct,correct,,plain,0
e2e_sparse_extractive,diet_negative,N051,correct,correct,,plain,0
e2e_sparse_extractive,diet_negative,N052,wrong,correct,,plain,0
e2e_sparse_extractive,diet_negative,N053,correct,correct,,hedged,0
e2e_sparse_extractive,diet_negative,N054,correct,correct,,plain,0
e2e_sparse_extractive,diet_negative,N055,correct,correct,,plain,0
e2e_sparse_extractive,diet_negative,N056,wrong,correct,,plain,0
e2e_sparse_extractive,diet_negative,N057,correct,correct,,plain,0
e2e_sparse_extractive,diet_negative,N058,wrong,correct,,plain,0
e2e_sparse_extractive,diet_negative,N059,correct,correct,,plain,0
e2e_sparse_extractive,diet_negative,N060,correct,correct,,plain,0
e2e_sparse_generative,body_size,K001,no_answer,no_answer,,denies,1
e2e_sparse_generative,habitat,K003,correct,correct,,plain,1
e2e_sparse_generative,body_size,K005,correct,correct,,hedged,1
e2e_sparse_generative,habitat,K007,wrong,wrong,,plain,1
e2e_sparse_generative,body_size,K011,no_answer,no_answer,,denies,1
e2e_sparse_generative,body_size,K012,correct,correct,,hedged,1
e2e_sparse_generative,body_size,K014,correct,correct,,plain,1
e2e_sparse_generative,habitat,K019,no_answer,no_answer,,hedged,1
e2e_sparse_generative,habitat,K021,no_answer,no_answer,,denies,1
e2e_sparse_generative,habitat,K025,no_answer,no_answer,,empty,0
e2e_sparse_generative,body_size,K026,wrong,no_answer,,hedged,1
e2e_sparse_generative,body_size,K029,no_answer,no_answer,,denies,1
e2e_sparse_generative,body_size,K030,no_answer,no_answer,,denies,1
e2e_sparse_generative,habitat,K037,no_answer,no_answer,,denies,1
e2e_sparse_generative,habitat,K044,correct,correct,,hedged,1
e2e_sparse_generative,body_size,K047,correct,correct,,plain,1
e2e_sparse_generative,body_size,K049,wrong,wrong,,plain,1
e2e_sparse_generative,habitat,K051,no_answer,no_answer,,empty,0
e2e_sparse_generative,habitat,K058,correct,correct,,plain,1
e2e_sparse_generative,habitat,K059,no_answer,no_answer,,empty,0
e2e_sparse_generative,body_size,K064,wrong,no_answer,,hedged,1
e2e_sparse_generative,body_size,K068,correct,correct,,plain,1
e2e_sparse_generative,body_size,K069,correct,correct,,plain,1
e2e_sparse_generative,habitat,K070,no_answer,no_answer,,hedged,1
e2e_sparse_generative,habitat,K072,correct,correct,,plain,1
e2e_sparse_generative,body_size,K074,no_answer,no_answer,,denies,1
e2e_sparse_generative,habitat,K077,correct,correct,,plain,1
e2e_sparse_generative,body_size,K082,no_answer,no_answer,,denies,1
e2e_sparse_generative,habitat,K085,no_answer,no_answer,,empty,0
e2e_sparse_generative,habitat,K087,no_answer,no_answer,,empty,0
e2e_sparse_generative,habitat,K091,correct,correct,,hedged,1
e2e_sparse_generative,habitat,K093,wrong,wrong,,plain,1
e2e_sparse_generative,body_size,K094,correct,correct,,plain,1
e2e_sparse_generative,body_size,K101,correct,no_answer,,hedged,1
e2e_sparse_generative,habitat,K105,no_answer,no_answer,,denies,1
e2e_sparse_generative,habitat,K112,geography,no_answer,,denies,1
e2e_sparse_generative,body_size,K113,correct,correct,,plain,1
e2e_sparse_generative,body_size,K117,correct,correct,,plain,1
e2e_sparse_generative,body_size,K119,correct,correct,,hedged,1
e2e_sparse_generative,body_size,K121,no_answer,no_answer,,denies,1
e2e_sparse_generative,habitat,K123,geography,no_answer,,plain,1
e2e_sparse_generative,habitat,K124,no_answer,no_answer,,denies,1
e2e_sparse_generative,body_size,K129,correct,correct,,plain,1
e2e_sparse_generative,body_size,K135,correct,correct,,plain,1
e2e_sparse_generative,body_size,K136,wrong,no_answer,,hedged,1
e2e_sparse_generative,body_size,K137,wrong,no_answer,,hedged,1
e2e_sparse_generative,habitat,K138,no_answer,no_answer,,denies,1
e2e_sparse_generative,habitat,K147,no_answer,no_answer,,empty,0
e2e_sparse_generative,habitat,K149,no_answer,no_answer,,denies,1
e2e_sparse_generative,habitat,K150,no_answer,no_answer,,empty,0
e2e_sparse_generative,body_size,K151,correct,correct,,plain,1
e2e_sparse_generative,body_size,K152,correct,correct,,plain,1
e2e_sparse_generative,body_size,K153,correct,correct,,plain,1
e2e_sparse_generative,body_size,K154,no_answer,no_answer,,denies,1
e2e_sparse_generative,body_size,K155,correct,correct,,plain,1
e2e_sparse_generative,body_size,K156,no_answer,no_answer,,denies,1
e2e_sparse_generative,body_size,K157,no_answer,no_answer,,denies,1
e2e_sparse_generative,body_size,K158,wrong,no_answer,,hedged,1
e2e_sparse_generative,body_size,K160,correct,correct,,hedged,1
e2e_sparse_generative,body_size,K161,no_answer,no_answer,,denies,1
e2e_sparse_generative,body_size,K162,no_answer,no_answer,,denies,1
e2e_sparse_generative,body_size,K163,correct,correct,,plain,1
e2e_sparse_generative,body_size,K164,no_answer,no_answer,,denies,1
e2e_sparse_generative,body_size,K165,correct,correct,,plain,1
e2e_sparse_generative,body_size,K166,correct,correct,,plain,1
e2e_sparse_generative,body_size,K167,correct,no_answer,,hedged,1
e2e_sparse_generative,body_size,K168,correct,correct,,plain,1
e2e_sparse_generative,body_size,K169,no_answer,no_answer,,denies,1
e2e_sparse_generative,body_size,K170,no_answer,no_answer,,plain,1
e2e_sparse_generative,body_size,K171,correct,no_answer,,hedged,1
e2e_sparse_generative,body_size,K174,no_answer,no_answer,,plain,1
e2e_sparse_generative,body_size,K175,correct,correct,,plain,1
e2e_sparse_generative,body_size,K176,correct,correct,,plain,1
e2e_sparse_generative,body_size,K177,correct,no_answer,,hedged,1
e2e_sparse_generative,body_size,K178,no_answer,no_answer,,denies,1
e2e_sparse_generative,body_size,K179,wrong,no_answer,,hedged,1
e2e_sparse_generative,body_size,K180,correct,no_answer,,hedged,1
e2e_sparse_generative,body_size,K181,correct,correct,,plain,1
e2e_sparse_generative,body_size,K182,wrong,no_answer,,hedged,1
e2e_sparse_generative,body_size,K183,correct,correct,,plain,1
e2e_sparse_generative,body_size,K184,correct,correct,,plain,1
e2e_sparse_generative,body_size,K188,correct,correct,,plain,1
e2e_sparse_generative,body_size,K190,correct,correct,,plain,1
e2e_sparse_generative,body_size,K191,correct,correct,,plain,1
e2e_sparse_generative,body_size,K192,correct,correct,,plain,1
e2e_sparse_generative,habitat,K193,no_answer,no_answer,,empty,0
e2e_sparse_generative,habitat,K194,correct,correct,,plain,0
e2e_sparse_generative,habitat,K197,geography,no_answer,,hedged,1
e2e_sparse_generative,habitat,K198,no_answer,no_answer,,denies,1
e2e_sparse_generative,habitat,K199,no_answer,no_answer,,empty,0
e2e_sparse_generative,habitat,K200,correct,correct,,plain,1
e2e_sparse_generative,habitat,K202,correct,correct,,plain,1
e2e_sparse_generative,habitat,K204,correct,correct,,hedged,1
e2e_sparse_generative,habitat,K206,no_answer,no_answer,,hedged,1
e2e_sparse_generative,habitat,K207,no_answer,no_answer,,denies,1
e2e_sparse_generative,habitat,K208,correct,correct,,plain,1
e2e_sparse_generative,habitat,K209,no_answer,no_answer,,denies,1
e2e_sparse_generative,habitat,K210,geography,no_answer,,hedged,1
e2e_sparse_generative,habitat,K211,no_answer,no_answer,,hedged,1
e2e_sparse_generative,habitat,K212,no_answer,no_answer,,denies,1
e2e_sparse_generative,habitat,K214,correct,correct,,plain,1
e2e_sparse_generative,habitat,K215,no_answer,no_answer,,denies,1
e2e_sparse_generative,habitat,K216,no_answer,no_answer,,empty,0
e2e_sparse_generative,habitat,K218,no_answer,no_answer,,denies,1
e2e_sparse_generative,habitat,K219,no_answer,no_answer,,empty,0
e2e_sparse_generative,habitat,K220,correct,correct,,plain,1
e2e_sparse_generative,habitat,K221,correct,correct,,hedged,1
e2e_sparse_generative,habitat,K223,correct,correct,,plain,1
e2e_sparse_generative,habitat,K226,correct,correct,,plain,1
e2e_sparse_generative,habitat,K228,correct,correct,,hedged,1
e2e_sparse_generative,habitat,K229,no_answer,no_answer,,denies,1
e2e_sparse_generative,habitat,K230,correct,correct,,plain,1
e2e_sparse_generative,habitat,K231,no_answer,no_answer,,denies,1
e2e_sparse_generative,habitat,K232,no_answer,no_answer,,empty,0
e2e_sparse_generative,habitat,K233,no_answer,no_answer,,empty,0
e2e_sparse_generative,diet,P001,correct,correct,1,hedged,1
e2e_sparse_generative,diet,P002,wrong,wrong,0,plain,1
e2e_sparse_generative,diet,P003,correct,correct,1,plain,1
e2e_sparse_generative,diet,P004,correct,no_answer,1,denies,1
e2e_sparse_generative,diet,P005,correct,correct,1,plain,1
e2e_sparse_generative,diet,P006,correct,correct,0,hedged,1
e2e_sparse_generative,diet,P007,correct,correct,1,plain,1
e2e_sparse_generative,diet,P008,correct,correct,1,plain,1
e2e_sparse_generative,diet,P009,correct,correct,0,plain,0
e2e_sparse_generative,diet,P010,correct,wrong,0,hedged,1
e2e_sparse_generative,diet,P011,correct,correct,0,plain,1
e2e_sparse_generative,diet,P012,correct,correct,0,plain,1
e2e_sparse_generative,diet,P013,correct,correct,1,plain,1
e2e_sparse_generative,diet,P014,correct,correct,1,plain,1
e2e_sparse_generative,diet,P015,correct,correct,0,plain,1
e2e_sparse_generative,diet,P016,correct,correct,0,plain,1
e2e_sparse_generative,diet,P017,correct,correct,0,plain,1
e2e_sparse_generative,diet,P018,correct,correct,0,plain,1
e2e_sparse_generative,diet,P019,correct,correct,0,plain,1
e2e_sparse_generative,diet,P020,correct,correct,0,plain,1
e2e_sparse_generative,diet,P021,correct,correct,0,plain,1
e2e_sparse_generative,diet,P022,correct,correct,1,plain,1
e2e_sparse_generative,diet,P023,correct,correct,1,plain,1
e2e_sparse_generative,diet,P024,correct,correct,0,plain,1
e2e_sparse_generative,diet,P025,correct,correct,1,plain,1
e2e_sparse_generative,diet,P026,correct,correct,1,plain,1
e2e_sparse_generative,diet,P027,correct,no_answer,0,hedged,1
e2e_sparse_generative,diet,P028,correct,no_answer,1,hedged,1
e2e_sparse_generative,diet,P029,correct,correct,0,plain,1
e2e_sparse_generative,diet,P030,correct,correct,1,hedged,1
e2e_sparse_generative,diet,P031,correct,no_answer,1,hedged,1
e2e_sparse_generative,diet,P032,correct,correct,0,hedged,1
e2e_sparse_generative,diet,P033,correct,correct,0,hedged,1
e2e_sparse_generative,diet,P034,correct,correct,1,hedged,1
e2e_sparse_generative,diet,P035,correct,correct,0,hedged,1
e2e_sparse_generative,diet,P036,wrong,no_answer,0,hedged,1
e2e_sparse_generative,diet,P037,correct,no_answer,0,hedged,1
e2e_sparse_generative,diet,P038,correct,correct,1,hedged,1
e2e_sparse_generative,diet,P039,correct,no_answer,1,hedged,1
e2e_sparse_generative,diet,P040,correct,no_answer,1,plain,1
e2e_sparse_generative,diet,P041,correct,no_answer,0,hedged,1
e2e_sparse_generative,diet,P042,correct,no_answer,0,hedged,1
e2e_sparse_generative,diet,P043,correct,correct,0,hedged,1
e2e_sparse_generative,diet,P044,no_answer,no_answer,0,denies,1
e2e_sparse_generative,diet,P045,correct,no_answer,0,hedged,1
e2e_sparse_generative,diet,P046,no_answer,no_answer,0,denies,1
e2e_sparse_generative,diet,P047,correct,correct,1,plain,1
e2e_sparse_generative,diet,P048,correct,correct,0,plain,1
e2e_sparse_generative,diet,P049,correct,correct,1,plain,1
e2e_sparse_generative,diet,P050,correct,correct,1,plain,1
e2e_sparse_generative,diet,P051,correct,correct,1,hedged,1
e2e_sparse_generative,diet,P052,correct,correct,1,hedged,1
e2e_sparse_generative,diet,P053,correct,correct,1,plain,1
e2e_sparse_generative,diet,P054,correct,correct,0,plain,1
e2e_sparse_generative,diet,P055,correct,correct,1,plain,1
e2e_sparse_generative,diet,P056,correct,no_answer,1,hedged,1
e2e_sparse_generative,diet,P057,correct,correct,0,hedged,1
e2e_sparse_generative,diet,P058,correct,wrong,0,hedged,1
e2e_sparse_generative,diet,P059,no_answer,no_answer,0,denies,1
e2e_sparse_generative,diet,P060,wrong,no_answer,0,hedged,1
e2e_sparse_generative,diet,P061,correct,correct,0,hedged,1
e2e_sparse_generative,diet,P062,correct,correct,0,hedged,1
e2e_sparse_generative,diet,P063,correct,correct,0,plain,1
e2e_sparse_generative,diet,P064,correct,correct,0,plain,1
e2e_sparse_generative,diet,P065,correct,correct,0,plain,1
e2e_sparse_generative,diet,P066,correct,correct,0,plain,1
e2e_sparse_generative,diet,P067,correct,correct,1,plain,1
e2e_sparse_generative,diet,P068,correct,correct,1,plain,1
e2e_sparse_generative,diet,P069,correct,correct,0,plain,1
e2e_sparse_generative,diet,P070,correct,correct,0,plain,1
e2e_sparse_generative,diet,P071,correct,correct,0,plain,1
e2e_sparse_generative,diet,P072,correct,correct,1,hedged,1
e2e_sparse_generative,diet,P073,no_answer,no_answer,0,hedged,1
e2e_sparse_generative,diet,P074,correct,correct,1,plain,1
e2e_sparse_generative,diet,P075,correct,no_answer,1,hedged,1
e2e_sparse_generative,diet,P076,wrong,no_answer,0,denies,1
e2e_sparse_generative,diet,P077,wrong,wrong,0,hedged,1
e2e_sparse_generative,diet,P078,correct,no_answer,1,hedged,1
e2e_sparse_generative,diet,P079,wrong,no_answer,0,denies,1
e2e_sparse_generative,diet,P080,wrong,no_answer,0,plain,1
e2e_sparse_generative,diet,P081,correct,correct,1,plain,1
e2e_sparse_generative,diet,P082,correct,correct,1,hedged,0
e2e_sparse_generative,diet,P083,correct,correct,0,hedged,0
e2e_sparse_generative,diet,P084,correct,correct,1,denies,0
e2e_sparse_generative,diet,P085,correct,correct,1,hedged,0
e2e_sparse_generative,diet,P086,correct,correct,0,hedged,0
e2e_sparse_generative,diet,P087,correct,correct,0,hedged,0
e2e_sparse_generative,diet,P088,correct,correct,0,hedged,0
e2e_sparse_generative,diet,P089,correct,correct,1,hedged,0
e2e_sparse_generative,diet,P090,correct,wrong,1,hedged,0
e2e_sparse_generative,diet,P091,wrong,wrong,0,hedged,0
e2e_sparse_generative,diet,P092,correct,correct,0,hedged,0
e2e_sparse_generative,diet,P093,correct,correct,1,plain,0
e2e_sparse_generative,diet,P094,correct,correct,0,plain,0
e2e_sparse_generative,diet,P095,correct,correct,0,hedged,0
e2e_sparse_generative,diet,P096,correct,correct,1,plain,0
e2e_sparse_generative,diet,P097,correct,correct,1,hedged,0
e2e_sparse_generative,diet,P098,correct,correct,1,hedged,0
e2e_sparse_generative,diet,P099,correct,correct,1,hedged,0
e2e_sparse_generative,diet,P100,correct,correct,0,hedged,0
e2e_sparse_generative,diet,P101,correct,correct,0,hedged,0
e2e_sparse_generative,diet,P102,correct,correct,1,hedged,0
e2e_sparse_generative,body_size_negative,N001,wrong,correct,,hedged,1
e2e_sparse_generative,body_size_negative,N002,wrong,correct,,hedged,1
e2e_sparse_generative,body_size_negative,N003,wrong,correct,,hedged,1
e2e_sparse_generative,body_size_negative,N004,wrong,correct,,hedged,1
e2e_sparse_generative,body_size_negative,N005,wrong,wrong,,hedged,1
e2e_sparse_generative,body_size_negative,N006,wrong,correct,,hedged,1
e2e_sparse_generative,body_size_negative,N007,wrong,correct,,hedged,1
e2e_sparse_generative,body_size_negative,N008,correct,correct,,denies,1
e2e_sparse_generative,body_size_negative,N009,correct,correct,,denies,1
e2e_sparse_generative,body_size_negative,N010,correct,correct,,empty,0
e2e_sparse_generative,body_size_negative,N011,wrong,correct,,hedged,1
e2e_sparse_generative,body_size_negative,N012,wrong,correct,,hedged,1
e2e_sparse_generative,body_size_negative,N013,correct,correct,,denies,1
e2e_sparse_generative,body_size_negative,N014,wrong,correct,,hedged,1
e2e_sparse_generative,body_size_negative,N015,correct,correct,,denies,1
e2e_sparse_generative,body_size_negative,N016,correct,correct,,empty,0
e2e_sparse_generative,body_size_negative,N017,correct,correct,,denies,1
e2e_sparse_generative,body_size_negative,N018,correct,correct,,denies,1
e2e_sparse_generative,body_size_negative,N019,correct,correct,,denies,1
e2e_sparse_generative,body_size_negative,N020,wrong,correct,,hedged,1
e2e_sparse_generative,body_size_negative,N021,correct,correct,,denies,1
e2e_sparse_generative,body_size_negative,N022,correct,correct,,denies,1
e2e_sparse_generative,body_size_negative,N023,correct,correct,,denies,1
e2e_sparse_generative,body_size_negative,N024,correct,correct,,denies,1
e2e_sparse_generative,body_size_negative,N025,correct,correct,,denies,1
e2e_sparse_generative,body_size_negative,N026,wrong,correct,,hedged,1
e2e_sparse_generative,body_size_negative,N027,wrong,correct,,hedged,1
e2e_sparse_generative,body_size_negative,N028,correct,correct,,denies,1
e2e_sparse_generative,body_size_negative,N029,correct,correct,,denies,1
e2e_sparse_generative,body_size_negative,N030,wrong,correct,,hedged,1
e2e_sparse_generative,diet_negative,N031,correct,correct,,denies,1
e2e_sparse_generative,diet_negative,N032,wrong,correct,,denies,1
e2e_sparse_generative,diet_negative,N033,correct,correct,,denies,1
e2e_sparse_generative,diet_negative,N034,correct,correct,,denies,1
e2e_sparse_generative,diet_negative,N035,correct,correct,,denies,1
e2e_sparse_generative,diet_negative,N036,correct,correct,,denies,1
e2e_sparse_generative,diet_negative,N037,correct,correct,,denies,1
e2e_sparse_generative,diet_negative,N038,correct,correct,,denies,1
e2e_sparse_generative,diet_negative,N039,correct,correct,,denies,1
e2e_sparse_generative,diet_negative,N040,correct,correct,,denies,1
e2e_sparse_generative,diet_negative,N041,correct,correct,,denies,1
e2e_sparse_generative,diet_negative,N042,correct,correct,,denies,1
e2e_sparse_generative,diet_negative,N043,correct,correct,,denies,1
e2e_sparse_generative,diet_negative,N044,correct,correct,,denies,1
e2e_sparse_generative,diet_negative,N045,correct,correct,,denies,1
e2e_sparse_generative,diet_negative,N046,correct,correct,,hedged,1
e2e_sparse_generative,diet_negative,N047,correct,correct,,denies,1
e2e_sparse_generative,diet_negative,N048,correct,correct,,denies,1
e2e_sparse_generative,diet_negative,N049,correct,correct,,denies,1
e2e_sparse_generative,diet_negative,N050,correct,correct,,denies,1
e2e_sparse_generative,diet_negative,N051,correct,correct,,denies,1
e2e_sparse_generative,diet_negative,N052,correct,correct,,denies,1
e2e_sparse_generative,diet_negative,N053,correct,correct,,denies,1
e2e_sparse_generative,diet_negative,N054,correct,correct,,denies,1
e2e_sparse_generative,diet_negative,N055,correct,correct,,denies,1
e2e_sparse_generative,diet_negative,N056,correct,correct,,denies,1
e2e_sparse_generative,diet_negative,N057,correct,correct,,denies,1
e2e_sparse_generative,diet_negative,N058,correct,correct,,hedged,1
e2e_sparse_generative,diet_negative,N059,correct,correct,,denies,1
e2e_sparse_generative,diet_negative,N060,correct,correct,,denies,1
pipeline_extractive,body_size,K001,no_answer,no_answer,,plain,0
pipeline_extractive,habitat,K003,geography,no_answer,,plain,0
pipeline_extractive,body_size,K005,correct,correct,,plain,0
pipeline_extractive,habitat,K007,correct,correct,,plain,0
pipeline_extractive,body_size,K011,no_answer,no_answer,,plain,1
pipeline_extractive,body_size,K012,correct,correct,,plain,0
pipeline_extractive,body_size,K014,correct,correct,,plain,0
pipeline_extractive,habitat,K019,correct,correct,,plain,0
pipeline_extractive,habitat,K021,correct,correct,,plain,0
pipeline_extractive,habitat,K025,geography,no_answer,,plain,0
pipeline_extractive,body_size,K026,correct,correct,,plain,0
pipeline_extractive,body_size,K029,correct,correct,,plain,0
pipeline_extractive,body_size,K030,no_answer,no_answer,,plain,0
pipeline_extractive,habitat,K037,correct,correct,,plain,0
pipeline_extractive,habitat,K044,correct,correct,,plain,0
pipeline_extractive,body_size,K047,correct,correct,,plain,0
pipeline_extractive,body_size,K049,no_answer,no_answer,,plain,0
pipeline_extractive,habitat,K051,correct,no_answer,,plain,0
pipeline_extractive,habitat,K058,geography,no_answer,,plain,0
pipeline_extractive,habitat,K059,geography,no_answer,,plain,0
pipeline_extractive,body_size,K064,correct,correct,,plain,0
pipeline_extractive,body_size,K068,correct,correct,,plain,0
pipeline_extractive,body_size,K069,correct,correct,,plain,0
pipeline_extractive,habitat,K070,no_answer,no_answer,,plain,0
pipeline_extractive,habitat,K072,geography,no_answer,,plain,0
pipeline_extractive,body_size,K074,correct,correct,,plain,0
pipeline_extractive,habitat,K077,correct,correct,,plain,0
pipeline_extractive,body_size,K082,no_answer,no_answer,,plain,0
pipeline_extractive,habitat,K085,correct,correct,,plain,0
pipeline_extractive,habitat,K087,wrong,no_answer,,plain,0
pipeline_extractive,habitat,K091,correct,correct,,plain,0
pipeline_extractive,habitat,K093,no_answer,no_answer,,plain,0
pipeline_extractive,body_size,K094,correct,correct,,plain,0
pipeline_extractive,body_size,K101,correct,correct,,plain,0
pipeline_extractive,habitat,K105,geography,no_answer,,plain,0
pipeline_extractive,habitat,K112,correct,correct,,plain,0
pipeline_extractive,body_size,K113,no_answer,no_answer,,plain,1
pipeline_extractive,body_size,K117,correct,correct,,plain,0
pipeline_extractive,body_size,K119,correct,correct,,plain,0
pipeline_extractive,body_size,K121,no_answer,no_answer,,plain,0
pipeline_extractive,habitat,K123,geography,no_answer,,plain,0
pipeline_extractive,habitat,K124,correct,correct,,plain,0
pipeline_extractive,body_size,K129,correct,correct,,plain,0
pipeline_extractive,body_size,K135,correct,correct,,plain,0
pipeline_extractive,body_size,K136,correct,correct,,plain,0
pipeline_extractive,body_size,K137,correct,correct,,plain,0
pipeline_extractive,habitat,K138,correct,correct,,plain,0
pipeline_extractive,habitat,K147,geography,no_answer,,plain,0
pipeline_extractive,habitat,K149,geography,no_answer,,plain,0
pipeline_extractive,habitat,K150,wrong,wrong,,plain,0
pipeline_extractive,body_size,K151,no_answer,no_answer,,plain,0
pipeline_extractive,body_size,K152,correct,correct,,plain,0
pipeline_extractive,body_size,K153,correct,correct,,plain,0
pipeline_extractive,body_size,K154,no_answer,no_answer,,plain,0
pipeline_extractive,body_size,K155,no_answer,no_answer,,plain,1
pipeline_extractive,body_size,K156,correct,correct,,plain,0
pipeline_extractive,body_size,K157,correct,correct,,plain,0
pipeline_extractive,body_size,K158,correct,correct,,plain,0
pipeline_extractive,body_size,K160,no_answer,no_answer,,plain,0
pipeline_extractive,body_size,K161,correct,correct,,plain,0
pipeline_extractive,body_size,K162,no_answer,no_answer,,plain,1
pipeline_extractive,body_size,K163,correct,correct,,plain,0
pipeline_extractive,body_size,K164,correct,correct,,plain,0
pipeline_extractive,body_size,K165,no_answer,no_answer,,plain,0
pipeline_extractive,body_size,K166,no_answer,no_answer,,plain,0
pipeline_extractive,body_size,K167,correct,correct,,plain,0
pipeline_extractive,body_size,K168,correct,correct,,plain,0
pipeline_extractive,body_size,K169,correct,correct,,plain,0
pipeline_extractive,body_size,K170,no_answer,no_answer,,plain,0
pipeline_extractive,body_size,K171,correct,correct,,plain,0
pipeline_extractive,body_size,K174,no_answer,no_answer,,plain,1
pipeline_extractive,body_size,K175,no_answer,no_answer,,plain,0
pipeline_extractive,body_size,K176,no_answer,no_answer,,plain,1
pipeline_extractive,body_size,K177,correct,correct,,plain,0
pipeline_extractive,body_size,K178,no_answer,no_answer,,plain,0
pipeline_extractive,body_size,K179,correct,correct,,plain,0
pipeline_extractive,body_size,K180,no_answer,no_answer,,plain,0
pipeline_extractive,body_size,K181,correct,correct,,plain,0
pipeline_extractive,body_size,K182,no_answer,no_answer,,plain,0
pipeline_extractive,body_size,K183,correct,correct,,plain,0
pipeline_extractive,body_size,K184,no_answer,no_answer,,plain,0
pipeline_extractive,body_size,K188,correct,correct,,plain,0
pipeline_extractive,body_size,K190,correct,correct,,plain,0
pipeline_extractive,body_size,K191,no_answer,no_answer,,plain,0
pipeline_extractive,body_size,K192,correct,correct,,plain,0
pipeline_extractive,habitat,K193,geography,no_answer,,plain,0
pipeline_extractive,habitat,K194,no_answer,no_answer,,empty,0
pipeline_extractive,habitat,K197,no_answer,no_answer,,plain,0
pipeline_extractive,habitat,K198,geography,no_answer,,plain,0
pipeline_extractive,habitat,K199,geography,no_answer,,plain,0
pipeline_extractive,habitat,K200,correct,correct,,plain,0
pipeline_extractive,habitat,K202,correct,correct,,plain,0
pipeline_extractive,habitat,K204,no_answer,no_answer,,plain,0
pipeline_extractive,habitat,K206,correct,correct,,plain,0
pipeline_extractive,habitat,K207,wrong,wrong,,plain,0
pipeline_extractive,habitat,K208,correct,no_answer,,plain,0
pipeline_extractive,habitat,K209,no_answer,no_answer,,plain,0
pipeline_extractive,habitat,K210,wrong,no_answer,,plain,0
pipeline_extractive,habitat,K211,no_answer,no_answer,,plain,0
pipeline_extractive,habitat,K212,geography,no_answer,,plain,0
pipeline_extractive,habitat,K214,correct,correct,,plain,0
pipeline_extractive,habitat,K215,correct,no_answer,,plain,0
pipeline_extractive,habitat,K216,geography,no_answer,,plain,0
pipeline_extractive,habitat,K218,correct,correct,,plain,0
pipeline_extractive,habitat,K219,geography,no_answer,,plain,0
pipeline_extractive,habitat,K220,correct,no_answer,,plain,0
pipeline_extractive,habitat,K221,correct,correct,,plain,0
pipeline_extractive,habitat,K223,correct,correct,,plain,0
pipeline_extractive,habitat,K226,geography,no_answer,,plain,0
pipeline_extractive,habitat,K228,no_answer,no_answer,,plain,0
pipeline_extractive,habitat,K229,geography,no_answer,,plain,0
pipeline_extractive,habitat,K230,correct,correct,,plain,0
pipeline_extractive,habitat,K231,correct,correct,,plain,0
pipeline_extractive,habitat,K232,geography,no_answer,,plain,0
pipeline_extractive,habitat,K233,geography,no_answer,,plain,0
pipeline_extractive,diet,P001,no_answer,no_answer,0,plain,0
pipeline_extractive,diet,P002,no_answer,no_answer,0,plain,0
pipeline_extractive,diet,P003,no_answer,no_answer,0,plain,0
pipeline_extractive,diet,P004,no_answer,no_answer,0,empty,0
pipeline_extractive,diet,P005,no_answer,no_answer,0,plain,0
pipeline_extractive,diet,P006,no_answer,no_answer,0,plain,0
pipeline_extractive,diet,P007,no_answer,no_answer,0,plain,0
pipeline_extractive,diet,P008,correct,no_answer,1,plain,0
pipeline_extractive,diet,P009,no_answer,no_answer,0,empty,0
pipeline_extractive,diet,P010,correct,no_answer,1,plain,0
pipeline_extractive,diet,P011,no_answer,no_answer,0,plain,0
pipeline_extractive,diet,P012,no_answer,no_answer,0,plain,0
pipeline_extractive,diet,P013,no_answer,no_answer,0,plain,0
pipeline_extractive,diet,P014,no_answer,no_answer,0,plain,0
pipeline_extractive,diet,P015,no_answer,no_answer,0,plain,0
pipeline_extractive,diet,P016,no_answer,no_answer,0,plain,0
pipeline_extractive,diet,P017,no_answer,no_answer,0,plain,0
pipeline_extractive,diet,P018,no_answer,no_answer,0,plain,0
pipeline_extractive,diet,P019,no_answer,no_answer,0,plain,0
pipeline_extractive,diet,P020,no_answer,no_answer,0,plain,0
pipeline_extractive,diet,P021,no_answer,no_answer,0,plain,0
pipeline_extractive,diet,P022,no_answer,no_answer,0,plain,0
pipeline_extractive,diet,P023,no_answer,no_answer,0,plain,0
pipeline_extractive,diet,P024,no_answer,no_answer,0,plain,0
pipeline_extractive,diet,P025,no_answer,no_answer,0,plain,0
pipeline_extractive,diet,P026,no_answer,no_answer,0,plain,0
pipeline_extractive,diet,P027,no_answer,no_answer,0,plain,0
pipeline_extractive,diet,P028,correct,no_answer,1,plain,0
pipeline_extractive,diet,P029,wrong,no_answer,0,plain,0
pipeline_extractive,diet,P030,no_answer,no_answer,0,plain,0
pipeline_extractive,diet,P031,no_answer,no_answer,0,plain,0
pipeline_extractive,diet,P032,no_answer,no_answer,0,plain,0
pipeline_extractive,diet,P033,no_answer,no_answer,0,plain,0
pipeline_extractive,diet,P034,no_answer,no_answer,0,plain,0
pipeline_extractive,diet,P035,no_answer,no_answer,0,plain,0
pipeline_extractive,diet,P036,no_answer,no_answer,0,plain,0
pipeline_extractive,diet,P037,no_answer,no_answer,0,plain,0
pipeline_extractive,diet,P038,no_answer,no_answer,0,plain,0
pipeline_extractive,diet,P039,no_answer,no_answer,0,plain,0
pipeline_extractive,diet,P040,no_answer,no_answer,0,plain,0
pipeline_extractive,diet,P041,no_answer,no_answer,0,plain,0
pipeline_extractive,diet,P042,no_answer,no_answer,0,plain,0
pipeline_extractive,diet,P043,no_answer,no_answer,0,plain,0
pipeline_extractive,diet,P044,no_answer,no_answer,0,plain,0
pipeline_extractive,diet,P045,no_answer,no_answer,0,plain,0
pipeline_extractive,diet,P046,no_answer,no_answer,0,plain,0
pipeline_extractive,diet,P047,correct,no_answer,1,plain,0
pipeline_extractive,diet,P048,correct,no_answer,0,plain,0
pipeline_extractive,diet,P049,correct,no_answer,0,plain,0
pipeline_extractive,diet,P050,correct,no_answer,0,plain,0
pipeline_extractive,diet,P051,correct,correct,1,plain,1
pipeline_extractive,diet,P052,no_answer,no_answer,0,plain,0
pipeline_extractive,diet,P053,no_answer,no_answer,0,plain,0
pipeline_extractive,diet,P054,no_answer,no_answer,0,plain,0
pipeline_extractive,diet,P055,no_answer,no_answer,0,plain,0
pipeline_extractive,diet,P056,no_answer,no_answer,0,plain,0
pipeline_extractive,diet,P057,wrong,no_answer,0,plain,0
pipeline_extractive,diet,P058,no_answer,no_answer,0,plain,0
pipeline_extractive,diet,P059,no_answer,no_answer,0,plain,0
pipeline_extractive,diet,P060,correct,no_answer,0,plain,0
pipeline_extractive,diet,P061,correct,no_answer,0,plain,0
pipeline_extractive,diet,P062,correct,no_answer,0,plain,0
pipeline_extractive,diet,P063,correct,no_answer,0,plain,0
pipeline_extractive,diet,P064,correct,no_answer,0,plain,0
pipeline_extractive,diet,P065,correct,no_answer,0,plain,0
pipeline_extractive,diet,P066,correct,no_answer,0,plain,0
pipeline_extractive,diet,P067,correct,no_answer,0,plain,0
pipeline_extractive,diet,P068,correct,no_answer,0,plain,0
pipeline_extractive,diet,P069,correct,no_answer,0,plain,0
pipeline_extractive,diet,P070,correct,no_answer,0,plain,0
pipeline_extractive,diet,P071,no_answer,no_answer,0,plain,0
pipeline_extractive,diet,P072,no_answer,no_answer,0,plain,0
pipeline_extractive,diet,P073,no_answer,no_answer,0,plain,0
pipeline_extractive,diet,P074,wrong,no_answer,0,plain,0
pipeline_extractive,diet,P075,no_answer,no_answer,0,plain,0
pipeline_extractive,diet,P076,no_answer,no_answer,0,empty,0
pipeline_extractive,diet,P077,correct,no_answer,1,plain,0
pipeline_extractive,diet,P078,no_answer,no_answer,0,empty,0
pipeline_extractive,diet,P079,no_answer,no_answer,0,plain,0
pipeline_extractive,diet,P080,wrong,no_answer,0,plain,0
pipeline_extractive,diet,P081,no_answer,no_answer,0,hedged,0
pipeline_extractive,diet,P082,no_answer,no_answer,0,plain,0
pipeline_extractive,diet,P083,wrong,wrong,0,plain,0
pipeline_extractive,diet,P084,correct,correct,1,plain,0
pipeline_extractive,diet,P085,no_answer,no_answer,0,plain,0
pipeline_extractive,diet,P086,no_answer,no_answer,0,plain,0
pipeline_extractive,diet,P087,no_answer,no_answer,0,plain,0
pipeline_extractive,diet,P088,no_answer,no_answer,0,plain,0
pipeline_extractive,diet,P089,wrong,wrong,0,plain,0
pipeline_extractive,diet,P090,wrong,wrong,0,plain,0
pipeline_extractive,diet,P091,correct,correct,1,plain,0
pipeline_extractive,diet,P092,wrong,wrong,0,plain,0
pipeline_extractive,diet,P093,correct,correct,0,plain,0
pipeline_extractive,diet,P094,correct,correct,1,plain,0
pipeline_extractive,diet,P095,no_answer,no_answer,0,plain,0
pipeline_extractive,diet,P096,wrong,wrong,0,plain,0
pipeline_extractive,diet,P097,correct,correct,0,plain,0
pipeline_extractive,diet,P098,correct,correct,0,plain,0
pipeline_extractive,diet,P099,no_answer,no_answer,0,plain,0
pipeline_extractive,diet,P100,correct,correct,0,plain,0
pipeline_extractive,diet,P101,correct,correct,0,plain,0
pipeline_extractive,diet,P102,wrong,wrong,0,plain,0
pipeline_extractive,body_size_negative,N001,correct,correct,,plain,0
pipeline_extractive,body_size_negative,N002,correct,correct,,plain,0
pipeline_extractive,body_size_negative,N003,correct,correct,,plain,0
pipeline_extractive,body_size_negative,N004,correct,correct,,plain,0
pipeline_extractive,body_size_negative,N005,correct,correct,,plain,0
pipeline_extractive,body_size_negative,N006,correct,correct,,plain,0
pipeline_extractive,body_size_negative,N007,correct,correct,,plain,0
pipeline_extractive,body_size_negative,N008,correct,correct,,plain,0
pipeline_extractive,body_size_negative,N009,correct,correct,,plain,0
pipeline_extractive,body_size_negative,N010,correct,correct,,plain,0
pipeline_extractive,body_size_negative,N011,correct,correct,,plain,0
pipeline_extractive,body_size_negative,N012,correct,correct,,plain,0
pipeline_extractive,body_size_negative,N013,correct,correct,,plain,0
pipeline_extractive,body_size_negative,N014,correct,correct,,plain,0
pipeline_extractive,body_size_negative,N015,correct,correct,,plain,0
pipeline_extractive,body_size_negative,N016,correct,correct,,plain,0
pipeline_extractive,body_size_negative,N017,correct,correct,,plain,0
pipeline_extractive,body_size_negative,N018,correct,correct,,plain,0
pipeline_extractive,body_size_negative,N019,correct,correct,,plain,0
pipeline_extractive,body_size_negative,N020,correct,correct,,plain,0
pipeline_extractive,body_size_negative,N021,correct,correct,,plain,0
pipeline_extractive,body_size_negative,N022,correct,correct,,plain,0
pipeline_extractive,body_size_negative,N023,correct,correct,,plain,0
pipeline_extractive,body_size_negative,N024,correct,correct,,plain,0
pipeline_extractive,body_size_negative,N025,correct,correct,,plain,0
pipeline_extractive,body_size_negative,N026,correct,correct,,plain,0
pipeline_extractive,body_size_negative,N027,correct,correct,,plain,0
pipeline_extractive,body_size_negative,N028,correct,correct,,plain,0
pipeline_extractive,body_size_negative,N029,correct,correct,,plain,0
pipeline_extractive,body_size_negative,N030,correct,correct,,plain,0
pipeline_extractive,diet_negative,N031,correct,correct,,plain,0
pipeline_extractive,diet_negative,N032,correct,correct,,plain,0
pipeline_extractive,diet_negative,N033,correct,correct,,plain,0
pipeline_extractive,diet_negative,N034,correct,correct,,plain,0
pipeline_extractive,diet_negative,N035,correct,correct,,plain,0
pipeline_extractive,diet_negative,N036,correct,correct,,plain,0
pipeline_extractive,diet_negative,N037,correct,correct,,plain,0
pipeline_extractive,diet_negative,N038,wrong,correct,,plain,0
pipeline_extractive,diet_negative,N039,correct,correct,,plain,0
pipeline_extractive,diet_negative,N040,correct,correct,,plain,0
pipeline_extractive,diet_negative,N041,wrong,correct,,plain,0
pipeline_extractive,diet_negative,N042,correct,correct,,plain,0
pipeline_extractive,diet_negative,N043,correct,correct,,plain,0
pipeline_extractive,diet_negative,N044,wrong,correct,,plain,0
pipeline_extractive,diet_negative,N045,correct,correct,,plain,0
pipeline_extractive,diet_negative,N046,correct,correct,,plain,0
pipeline_extractive,diet_negative,N047,correct,correct,,plain,0
pipeline_extractive,diet_negative,N048,correct,correct,,plain,0
pipeline_extractive,diet_negative,N049,correct,correct,,plain,0
pipeline_extractive,diet_negative,N050,correct,correct,,plain,0
pipeline_extractive,diet_negative,N051,correct,correct,,plain,0
pipeline_extractive,diet_negative,N052,wrong,correct,,plain,0
pipeline_extractive,diet_negative,N053,correct,correct,,plain,0
pipeline_extractive,diet_negative,N054,wrong,correct,,plain,0
pipeline_extractive,diet_negative,N055,correct,correct,,plain,0
pipeline_extractive,diet_negative,N056,correct,correct,,plain,1
pipeline_extractive,diet_negative,N057,correct,correct,,plain,0
pipeline_extractive,diet_negative,N058,correct,correct,,plain,0
pipeline_extractive,diet_negative,N059,correct,correct,,plain,0
pipeline_extractive,diet_negative,N060,correct,correct,,plain,0
pipeline,body_size,K001,no_answer,no_answer,,denies,1
pipeline,habitat,K003,no_answer,no_answer,,hedged,1
pipeline,body_size,K005,correct,correct,,hedged,1
pipeline,habitat,K007,correct,wrong,,plain,1
pipeline,body_size,K011,no_answer,no_answer,,denies,1
pipeline,body_size,K012,wrong,no_answer,,hedged,1
pipeline,body_size,K014,correct,correct,,plain,1
pipeline,habitat,K019,correct,correct,,plain,1
pipeline,habitat,K021,no_answer,no_answer,,denies,1
pipeline,habitat,K025,no_answer,no_answer,,denies,1
pipeline,body_size,K026,no_answer,no_answer,,denies,1
pipeline,body_size,K029,no_answer,no_answer,,denies,1
pipeline,body_size,K030,no_answer,no_answer,,denies,1
pipeline,habitat,K037,correct,correct,,denies,0
pipeline,habitat,K044,no_answer,no_answer,,denies,1
pipeline,body_size,K047,correct,correct,,plain,1
pipeline,body_size,K049,no_answer,no_answer,,hedged,1
pipeline,habitat,K051,correct,correct,,plain,1
pipeline,habitat,K058,no_answer,no_answer,,hedged,1
pipeline,habitat,K059,correct,correct,,hedged,1
pipeline,body_size,K064,wrong,no_answer,,hedged,1
pipeline,body_size,K068,correct,correct,,plain,1
pipeline,body_size,K069,correct,correct,,plain,1
pipeline,habitat,K070,geography,no_answer,,denies,1
pipeline,habitat,K072,correct,no_answer,,plain,1
pipeline,body_size,K074,no_answer,no_answer,,denies,1
pipeline,habitat,K077,correct,correct,,plain,1
pipeline,body_size,K082,no_answer,no_answer,,denies,1
pipeline,habitat,K085,correct,correct,,hedged,1
pipeline,habitat,K087,no_answer,no_answer,,denies,1
pipeline,habitat,K091,correct,correct,,plain,1
pipeline,habitat,K093,wrong,no_answer,,denies,1
pipeline,body_size,K094,correct,correct,,plain,1
pipeline,body_size,K101,correct,correct,,plain,1
pipeline,habitat,K105,correct,correct,,denies,1
pipeline,habitat,K112,geography,no_answer,,denies,1
pipeline,body_size,K113,no_answer,no_answer,,denies,1
pipeline,body_size,K117,correct,correct,,plain,1
pipeline,body_size,K119,correct,correct,,hedged,1
pipeline,body_size,K121,no_answer,no_answer,,denies,1
pipeline,habitat,K123,wrong,no_answer,,hedged,1
pipeline,habitat,K124,correct,correct,,hedged,1
pipeline,body_size,K129,correct,correct,,plain,1
pipeline,body_size,K135,correct,correct,,plain,1
pipeline,body_size,K136,no_answer,no_answer,,denies,1
pipeline,body_size,K137,no_answer,no_answer,,denies,1
pipeline,habitat,K138,no_answer,no_answer,,denies,1
pipeline,habitat,K147,no_answer,no_answer,,denies,1
pipeline,habitat,K149,no_answer,no_answer,,denies,1
pipeline,habitat,K150,correct,correct,,hedged,1
pipeline,body_size,K151,correct,correct,,plain,1
pipeline,body_size,K152,no_answer,no_answer,,denies,1
pipeline,body_size,K153,correct,no_answer,,hedged,1
pipeline,body_size,K154,no_answer,no_answer,,denies,1
pipeline,body_size,K155,no_answer,no_answer,,denies,1
pipeline,body_size,K156,no_answer,no_answer,,denies,1
pipeline,body_size,K157,no_answer,no_answer,,denies,1
pipeline,body_size,K158,no_answer,no_answer,,denies,1
pipeline,body_size,K160,no_answer,no_answer,,denies,1
pipeline,body_size,K161,no_answer,no_answer,,denies,1
pipeline,body_size,K162,no_answer,no_answer,,denies,1
pipeline,body_size,K163,correct,correct,,plain,1
pipeline,body_size,K164,no_answer,no_answer,,denies,1
pipeline,body_size,K165,correct,correct,,plain,1
pipeline,body_size,K166,no_answer,no_answer,,denies,1
pipeline,body_size,K167,correct,correct,,plain,1
pipeline,body_size,K168,correct,correct,,plain,1
pipeline,body_size,K169,no_answer,no_answer,,denies,1
pipeline,body_size,K170,no_answer,no_answer,,denies,1
pipeline,body_size,K171,correct,correct,,plain,1
pipeline,body_size,K174,no_answer,no_answer,,denies,1
pipeline,body_size,K175,correct,correct,,plain,1
pipeline,body_size,K176,no_answer,no_answer,,denies,1
pipeline,body_size,K177,correct,no_answer,,hedged,1
pipeline,body_size,K178,no_answer,no_answer,,denies,1
pipeline,body_size,K179,no_answer,no_answer,,denies,1
pipeline,body_size,K180,correct,no_answer,,hedged,1
pipeline,body_size,K181,correct,correct,,plain,1
pipeline,body_size,K182,no_answer,no_answer,,denies,1
pipeline,body_size,K183,correct,correct,,plain,1
pipeline,body_size,K184,no_answer,no_answer,,denies,1
pipeline,body_size,K188,correct,correct,,plain,1
pipeline,body_size,K190,correct,correct,,plain,1
pipeline,body_size,K191,no_answer,no_answer,,denies,1
pipeline,body_size,K192,correct,correct,,plain,1
pipeline,habitat,K193,correct,correct,,hedged,1
pipeline,habitat,K194,no_answer,no_answer,,empty,0
pipeline,habitat,K197,geography,no_answer,,plain,1
pipeline,habitat,K198,no_answer,no_answer,,denies,1
pipeline,habitat,K199,no_answer,no_answer,,denies,1
pipeline,habitat,K200,correct,correct,,plain,1
pipeline,habitat,K202,correct,correct,,denies,1
pipeline,habitat,K204,correct,correct,,hedged,1
pipeline,habitat,K206,correct,correct,,hedged,1
pipeline,habitat,K207,no_answer,no_answer,,denies,1
pipeline,habitat,K208,correct,correct,,hedged,1
pipeline,habitat,K209,no_answer,no_answer,,denies,1
pipeline,habitat,K210,wrong,no_answer,,hedged,1
pipeline,habitat,K211,no_answer,no_answer,,denies,1
pipeline,habitat,K212,no_answer,no_answer,,denies,1
pipeline,habitat,K214,correct,correct,,plain,1
pipeline,habitat,K215,no_answer,no_answer,,denies,1
pipeline,habitat,K216,no_answer,no_answer,,hedged,1
pipeline,habitat,K218,no_answer,no_answer,,denies,1
pipeline,habitat,K219,no_answer,no_answer,,denies,1
pipeline,habitat,K220,correct,correct,,hedged,1
pipeline,habitat,K221,correct,correct,,hedged,1
pipeline,habitat,K223,correct,correct,,plain,1
pipeline,habitat,K226,correct,correct,,hedged,1
pipeline,habitat,K228,correct,correct,,hedged,1
pipeline,habitat,K229,no_answer,no_answer,,hedged,1
pipeline,habitat,K230,correct,correct,,hedged,1
pipeline,habitat,K231,no_answer,no_answer,,denies,1
pipeline,habitat,K232,no_answer,no_answer,,denies,1
pipeline,habitat,K233,no_answer,no_answer,,denies,1
pipeline,diet,P001,no_answer,no_answer,0,denies,1
pipeline,diet,P002,no_answer,no_answer,0,denies,1
pipeline,diet,P003,no_answer,no_answer,0,denies,1
pipeline,diet,P004,no_answer,no_answer,0,empty,0
pipeline,diet,P005,no_answer,no_answer,0,hedged,1
pipeline,diet,P006,no_answer,no_answer,0,hedged,1
pipeline,diet,P007,correct,correct,0,plain,1
pipeline,diet,P008,correct,no_answer,1,hedged,1
pipeline,diet,P009,no_answer,no_answer,0,empty,0
pipeline,diet,P010,correct,correct,1,plain,1
pipeline,diet,P011,correct,wrong,0,plain,1
pipeline,diet,P012,correct,wrong,0,plain,1
pipeline,diet,P013,correct,correct,0,hedged,1
pipeline,diet,P014,correct,correct,1,hedged,1
pipeline,diet,P015,correct,correct,0,hedged,1
pipeline,diet,P016,correct,correct,0,hedged,1
pipeline,diet,P017,correct,correct,0,hedged,1
pipeline,diet,P018,correct,correct,0,plain,1
pipeline,diet,P019,correct,correct,0,hedged,1
pipeline,diet,P020,correct,correct,0,plain,1
pipeline,diet,P021,correct,correct,0,plain,1
pipeline,diet,P022,correct,correct,1,plain,1
pipeline,diet,P023,correct,correct,1,plain,1
pipeline,diet,P024,correct,correct,0,hedged,1
pipeline,diet,P025,correct,correct,1,plain,1
pipeline,diet,P026,correct,correct,1,plain,1
pipeline,diet,P027,correct,no_answer,0,hedged,1
pipeline,diet,P028,correct,correct,1,hedged,1
pipeline,diet,P029,no_answer,no_answer,0,denies,1
pipeline,diet,P030,wrong,no_answer,0,hedged,1
pipeline,diet,P031,correct,correct,0,plain,1
pipeline,diet,P032,correct,correct,1,hedged,1
pipeline,diet,P033,correct,correct,0,hedged,1
pipeline,diet,P034,no_answer,no_answer,0,denies,1
pipeline,diet,P035,no_answer,no_answer,0,denies,1
pipeline,diet,P036,correct,no_answer,0,hedged,1
pipeline,diet,P037,no_answer,no_answer,0,hedged,1
pipeline,diet,P038,no_answer,no_answer,0,denies,1
pipeline,diet,P039,no_answer,no_answer,0,hedged,1
pipeline,diet,P040,correct,no_answer,1,denies,1
pipeline,diet,P041,no_answer,no_answer,0,hedged,1
pipeline,diet,P042,no_answer,no_answer,0,hedged,1
pipeline,diet,P043,no_answer,no_answer,0,hedged,1
pipeline,diet,P044,no_answer,no_answer,0,denies,1
pipeline,diet,P045,no_answer,no_answer,0,hedged,1
pipeline,diet,P046,correct,correct,1,plain,1
pipeline,diet,P047,correct,correct,1,hedged,1
pipeline,diet,P048,correct,correct,1,hedged,1
pipeline,diet,P049,correct,correct,0,hedged,1
pipeline,diet,P050,correct,correct,0,hedged,1
pipeline,diet,P051,no_answer,no_answer,1,hedged,1
pipeline,diet,P052,no_answer,no_answer,0,denies,1
pipeline,diet,P053,correct,correct,1,hedged,1
pipeline,diet,P054,correct,correct,0,hedged,1
pipeline,diet,P055,correct,correct,1,hedged,1
pipeline,diet,P056,no_answer,no_answer,0,denies,1
pipeline,diet,P057,correct,correct,1,hedged,1
pipeline,diet,P058,no_answer,no_answer,0,denies,1
pipeline,diet,P059,no_answer,no_answer,0,denies,1
pipeline,diet,P060,correct,no_answer,1,hedged,1
pipeline,diet,P061,correct,no_answer,0,hedged,1
pipeline,diet,P062,correct,correct,0,hedged,1
pipeline,diet,P063,correct,correct,1,hedged,1
pipeline,diet,P064,correct,correct,0,hedged,1
pipeline,diet,P065,correct,correct,0,plain,1
pipeline,diet,P066,correct,correct,1,hedged,1
pipeline,diet,P067,correct,no_answer,0,hedged,1
pipeline,diet,P068,correct,correct,1,plain,1
pipeline,diet,P069,correct,no_answer,0,hedged,1
pipeline,diet,P070,correct,no_answer,0,hedged,1
pipeline,diet,P071,wrong,wrong,0,hedged,1
pipeline,diet,P072,correct,no_answer,1,hedged,1
pipeline,diet,P073,no_answer,no_answer,0,denies,1
pipeline,diet,P074,correct,correct,0,hedged,1
pipeline,diet,P075,no_answer,no_answer,0,denies,1
pipeline,diet,P076,no_answer,no_answer,0,empty,0
pipeline,diet,P077,correct,correct,1,hedged,1
pipeline,diet,P078,no_answer,no_answer,0,empty,0
pipeline,diet,P079,wrong,no_answer,0,denies,1
pipeline,diet,P080,correct,no_answer,1,hedged,1
pipeline,diet,P081,no_answer,no_answer,0,denies,1
pipeline,diet,P082,correct,correct,1,hedged,0
pipeline,diet,P083,correct,correct,0,hedged,0
pipeline,diet,P084,correct,correct,1,plain,0
pipeline,diet,P085,correct,correct,1,hedged,0
pipeline,diet,P086,correct,correct,0,hedged,0
pipeline,diet,P087,correct,correct,0,hedged,0
pipeline,diet,P088,correct,correct,0,hedged,0
pipeline,diet,P089,correct,correct,1,hedged,0
pipeline,diet,P090,correct,correct,0,hedged,0
pipeline,diet,P091,wrong,wrong,0,hedged,0
pipeline,diet,P092,correct,correct,0,hedged,0
pipeline,diet,P093,correct,correct,1,plain,0
pipeline,diet,P094,correct,correct,0,plain,0
pipeline,diet,P095,correct,correct,0,hedged,0
pipeline,diet,P096,correct,correct,1,plain,0
pipeline,diet,P097,correct,correct,1,hedged,0
pipeline,diet,P098,correct,correct,1,hedged,0
pipeline,diet,P099,correct,correct,1,hedged,0
pipeline,diet,P100,correct,correct,0,hedged,0
pipeline,diet,P101,correct,correct,0,hedged,0
pipeline,diet,P102,correct,correct,1,hedged,0
pipeline,body_size_negative,N001,correct,correct,,denies,1
pipeline,body_size_negative,N002,correct,correct,,denies,1
pipeline,body_size_negative,N003,correct,correct,,denies,1
pipeline,body_size_negative,N004,correct,correct,,denies,1
pipeline,body_size_negative,N005,correct,correct,,denies,1
pipeline,body_size_negative,N006,correct,correct,,denies,1
pipeline,body_size_negative,N007,correct,correct,,denies,1
pipeline,body_size_negative,N008,correct,correct,,denies,1
pipeline,body_size_negative,N009,correct,correct,,hedged,1
pipeline,body_size_negative,N010,correct,correct,,denies,1
pipeline,body_size_negative,N011,correct,correct,,denies,1
pipeline,body_size_negative,N012,correct,correct,,denies,1
pipeline,body_size_negative,N013,correct,correct,,denies,1
pipeline,body_size_negative,N014,correct,correct,,denies,1
pipeline,body_size_negative,N015,correct,correct,,denies,1
pipeline,body_size_negative,N016,correct,correct,,denies,1
pipeline,body_size_negative,N017,correct,correct,,denies,1
pipeline,body_size_negative,N018,correct,correct,,denies,1
pipeline,body_size_negative,N019,correct,correct,,denies,1
pipeline,body_size_negative,N020,correct,correct,,denies,1
pipeline,body_size_negative,N021,correct,correct,,denies,1
pipeline,body_size_negative,N022,correct,correct,,denies,1
pipeline,body_size_negative,N023,correct,correct,,denies,1
pipeline,body_size_negative,N024,correct,correct,,denies,1
pipeline,body_size_negative,N025,correct,correct,,denies,1
pipeline,body_size_negative,N026,correct,correct,,denies,1
pipeline,body_size_negative,N027,correct,correct,,denies,1
pipeline,body_size_negative,N028,correct,correct,,denies,1
pipeline,body_size_negative,N029,correct,correct,,denies,1
pipeline,body_size_negative,N030,correct,correct,,denies,1
pipeline,diet_negative,N031,correct,correct,,denies,1
pipeline,diet_negative,N032,correct,correct,,denies,1
pipeline,diet_negative,N033,correct,correct,,denies,1
pipeline,diet_negative,N034,correct,correct,,denies,1
pipeline,diet_negative,N035,correct,correct,,denies,1
pipeline,diet_negative,N036,correct,correct,,denies,1
pipeline,diet_negative,N037,correct,correct,,denies,1
pipeline,diet_negative,N038,correct,correct,,denies,1
pipeline,diet_negative,N039,correct,correct,,denies,1
pipeline,diet_negative,N040,correct,correct,,denies,1
pipeline,diet_negative,N041,correct,correct,,denies,1
pipeline,diet_negative,N042,correct,correct,,denies,1
pipeline,diet_negative,N043,correct,correct,,hedged,1
pipeline,diet_negative,N044,correct,correct,,denies,1
pipeline,diet_negative,N045,correct,correct,,denies,1
pipeline,diet_negative,N046,correct,correct,,hedged,1
pipeline,diet_negative,N047,correct,correct,,denies,1
pipeline,diet_negative,N048,correct,correct,,denies,1
pipeline,diet_negative,N049,correct,correct,,denies,1
pipeline,diet_negative,N050,correct,correct,,denies,1
pipeline,diet_negative,N051,correct,correct,,denies,1
pipeline,diet_negative,N052,correct,correct,,denies,1
pipeline,diet_negative,N053,correct,correct,,denies,1
pipeline,diet_negative,N054,correct,correct,,denies,1
pipeline,diet_negative,N055,correct,correct,,denies,1
pipeline,diet_negative,N056,correct,correct,,denies,1
pipeline,diet_negative,N057,correct,correct,,denies,1
pipeline,diet_negative,N058,correct,correct,,denies,1
pipeline,diet_negative,N059,correct,correct,,denies,1
pipeline,diet_negative,N060,correct,correct,,denies,1
