qid,config,trait,family,answer_offset,gold,plazi_answer,top_collection,gold_retrieved,wall_s,pipeline_answer,pipeline_collection,pipeline_path,n_pipeline_docs,no_docs,gold_in_pipeline_ids,plazi,top,pipeline,stored,plazi_food,top_food,pipeline_food
K001,pipeline_extractive,body_size,unassigned,29,0.88 mm || up to 0.88 mm,0.88 mm,medline,1,5.97,"3,2,1,1,1",medline,species_phrase_docrefs,2,0,1,correct,no_answer,no_answer,no_answer,,,
K003,pipeline_extractive,habitat,Hypogastruridae,5337,oak leaf litter || in oak leaf litter and on the ground,forest soli and leaf litter,medline,1,6.88,Iran,medline,species_phrase_docrefs,4,0,1,correct,geography,geography,no_answer,,,
K005,pipeline_extractive,body_size,Arrhopalitidae,64,1.0 mm || ~1.0 mm,1.0 mm,plazi,1,3.7,1.0 mm,plazi,species_phrase_docrefs,1,0,1,correct,correct,correct,correct,,,
K007,pipeline_extractive,habitat,Tomoceridae,12802,entrance and twilight zone of caves || caves || troglophilous,soil and cave,plazi,1,5.81,soil and cave,plazi,species_phrase_docrefs,4,0,1,correct,correct,correct,correct,,,
K011,pipeline_extractive,body_size,Paronellidae,31,2.3 mm || up to 2.3 mm,up to 2.3 mm,medline,1,4.33,Metacoelura majeri sp. nov.,medline,species_phrase_docrefs,2,0,1,correct,no_answer,no_answer,no_answer,,,
K012,pipeline_extractive,body_size,Neelidae,1734,550 µm || ~ 550 µm,550 µm,plazi,1,4.47,550 µm,plazi,species_phrase_docrefs,3,0,1,correct,correct,correct,correct,,,
K014,pipeline_extractive,body_size,Orchesellidae,70,1.65 mm || 1.32 to 2.22 mm,1.32 to 2.22 mm,plazi,1,6.51,1.32 to 2.22 mm,plazi,species_phrase_docrefs,3,0,1,correct,correct,correct,correct,,,
K019,pipeline_extractive,habitat,Cyphoderidae,7069,on guano in the dark zone of a karstic cave || guano in the dark zone of a karstic cave || guano,cave,plazi,1,4.97,cave,plazi,species_phrase_docrefs,2,0,1,correct,correct,correct,correct,,,
K021,pipeline_extractive,habitat,Dicyrtomidae,6120,under wet wood and in litter in deciduous forest,deciduous forest,plazi,1,4.38,deciduous forest,plazi,species_phrase_docrefs,1,0,1,correct,correct,correct,correct,,,
K025,pipeline_extractive,habitat,Entomobryidae,4224,decomposing leaves along the roads,"China, Jiangsu Province, Nanjing, Qixia Mountain",medline,1,5.66,Qixia Mountain,medline,species_phrase_docrefs,3,0,1,geography,geography,geography,no_answer,,,
K026,pipeline_extractive,body_size,Hypogastruridae,610,1.9 mm || up to 1.9 mm,up to 1.9 mm,plazi,1,5.7,up to 1.9 mm,plazi,species_phrase_docrefs,1,0,1,correct,correct,correct,correct,,,
K029,pipeline_extractive,body_size,Neanuridae,2623,1.0- 1.7mm || 1.0-1.7 mm || 1.0–1.7 mm,1.0- 1.7mm,plazi,1,4.9,1.0- 1.7mm,plazi,species_phrase_docrefs,1,0,1,correct,correct,correct,correct,,,
K030,pipeline_extractive,body_size,Tomoceridae,354,4.1–4.8mm || 4.1–4.8 mm || 4.1-4.8 mm,4.1–4.8mm,medline,1,7.19,Yu Li,medline,species_phrase_docrefs,4,0,1,correct,no_answer,no_answer,no_answer,,,
K037,pipeline_extractive,habitat,Orchesellidae,13980,dark zone of a cave on ground floor with small patch of bat guano || dark zone of a cave || bat guano,cave,plazi,1,4.56,cave,plazi,species_phrase_docrefs,1,0,1,correct,correct,correct,correct,,,
K044,pipeline_extractive,habitat,Dicyrtomidae,7808,litter and soil mass of a coniferous forest dominated by the Korean pine || coniferous forest || Pinus koraiensis,Habitat. The new species was collected from litter and soil mass of a coniferous forest,medline,1,7.15,coniferous forest,medline,species_phrase_docrefs,4,0,1,correct,correct,correct,correct,,,
K047,pipeline_extractive,body_size,Hypogastruridae,433,1.5 mm || up to 1.5 mm,up to 1.5 mm,plazi,1,4.55,up to 1.5 mm,plazi,species_phrase_docrefs,2,0,1,correct,correct,correct,correct,,,
K049,pipeline_extractive,body_size,Arrhopalitidae,1293,about 1.2 mm || 1.23 mm || 1.2 mm,1203,plazi,1,4.61,1203,plazi,species_phrase_docrefs,3,0,1,no_answer,no_answer,no_answer,no_answer,,,
K051,pipeline_extractive,habitat,Tomoceridae,6619,twilight zone of the cave || troglophilous,springtail,medline,1,5.05,Usholta Cave,medline,species_phrase_docrefs,4,0,1,no_answer,correct,correct,no_answer,,,
K053,pipeline_extractive,habitat,Sminthuridae,1198,associated to bushes || bushes,bushes,plazi,1,3.9,bushes,plazi,species_phrase_docrefs,1,0,1,unscored,unscored,unscored,unscored,,,
K058,pipeline_extractive,habitat,Orchesellidae,7153,Eucalyptus plantations with a semiopen canopy || Eucalyptus plantations,Eucalyptus plantations,medline,1,5.9,Brazilian Pampa domain,medline,species_phrase_docrefs,3,0,1,geography,geography,geography,no_answer,,,
K059,pipeline_extractive,habitat,Brachystomellidae,84,floating on water in a rock pool || rock pool,Stellenbosch Mountain,plazi,1,5.55,Stellenbosch Mountain,plazi,species_phrase_docrefs,2,0,1,geography,geography,geography,no_answer,,,
K064,pipeline_extractive,body_size,Onychiuridae,345,1.1–1.2 mm || 1.1-1.2 mm,1.1–1.2 mm,plazi,1,6.19,1.1–1.2 mm,plazi,species_phrase_docrefs,3,0,1,correct,correct,correct,correct,,,
K068,pipeline_extractive,body_size,Arrhopalitidae,114,0.7 mm,0.7 mm,plazi,1,4.21,0.7 mm,plazi,species_phrase_docrefs,1,0,1,correct,correct,correct,correct,,,
K069,pipeline_extractive,body_size,Neanuridae,466,2.3–3.4mm || 2.3–3.4 mm || 3.2mm || 3.2 mm,2.3–3.4mm,plazi,1,3.79,2.3–3.4mm,plazi,species_phrase_docrefs,1,0,1,correct,correct,correct,correct,,,
K070,pipeline_extractive,habitat,Tomoceridae,4377,humus layer of mixed forest,Purple Mountain,medline,1,4.42,unguis,medline,species_phrase_docrefs,2,0,1,geography,no_answer,no_answer,no_answer,,,
K072,pipeline_extractive,habitat,Sminthuridae,9270,forest litter covering sandy soils in shady areas || forest litter || Atlantic Forest,Habitat,plazi,1,4.07,Habitat,plazi,species_phrase_docrefs,1,0,1,geography,geography,geography,no_answer,,,
K074,pipeline_extractive,body_size,Entomobryidae,59,2.6 mm,2.6 mm,plazi,1,4.43,2.6 mm,plazi,species_phrase_docrefs,1,0,1,correct,correct,correct,correct,,,
K077,pipeline_extractive,habitat,Entomobryidae,5330,the litter of montane deciduous forests || litter of montane deciduous forests,litter from deciduous forest,plazi,1,4.31,litter from deciduous forest,plazi,species_phrase_docrefs,1,0,1,correct,correct,correct,correct,,,
K082,pipeline_extractive,body_size,Entomobryidae,1635,1.1 mm || 1.0– 1.3 mm || 1.0-1.3 mm,14 cm,plazi,1,4.91,14 cm,plazi,species_phrase_docrefs,2,0,1,no_answer,no_answer,no_answer,no_answer,,,
K085,pipeline_extractive,habitat,Isotomidae,258,soil inside cracks in rocks || soil under oak trees,soil under oak trees,plazi,1,3.86,soil under oak trees,plazi,species_phrase_docrefs,1,0,1,correct,correct,correct,correct,,,
K087,pipeline_extractive,habitat,Neanuridae,4557,pasture fields || two different pasture fields,"ex soil, Acacia pennatula , Oplinemus , Croton jalapensis , forest",plazi,1,5.34,"ex soil, Acacia pennatula , Oplinemus , Croton jalapensis , forest",plazi,species_phrase_docrefs,2,0,1,wrong,wrong,wrong,no_answer,,,
K091,pipeline_extractive,habitat,Tullbergiidae,549,the soil of a meadow in Hungary || soil of a meadow || leaf litter under oak trees,soil and leaf litter under cypress and oak trees,plazi,1,6.41,soil and leaf litter under cypress and oak trees,plazi,species_phrase_docrefs,4,0,1,correct,correct,correct,correct,,,
K093,pipeline_extractive,habitat,Neelidae,6777,anthropized environments || mostly found in anthropized environments,anthropized,medline,1,13.64,springtail,medline,species_phrase_docrefs,13,0,1,no_answer,no_answer,no_answer,no_answer,,,
K094,pipeline_extractive,body_size,Neanuridae,835,0.40–0.69 mm || 0.40-0.69 mm || 0.62 mm,0.40–0.69 mm,plazi,1,4.82,0.40–0.69 mm,plazi,species_phrase_docrefs,1,0,1,correct,correct,correct,correct,,,
K101,pipeline_extractive,body_size,Hypogastruridae,378,1.5 mm || up to 1.5 mm,1.5 mm,plazi,1,6.76,1.5 mm,plazi,species_phrase_docrefs,3,0,1,correct,correct,correct,correct,,,
K105,pipeline_extractive,habitat,Tomoceridae,6949,troglophilous || probably troglophilous species,"GEORGIA, Imereti region",plazi,1,3.83,"GEORGIA, Imereti region",plazi,species_phrase_docrefs,1,0,1,geography,geography,geography,no_answer,,,
K112,pipeline_extractive,habitat,Orchesellidae,20607,the old bark of the sago palm ( Metroxylon sagu Rottb ) at the lower trunk level || old bark of the sago palm || sago palm,bark of the sago palm tree,plazi,1,5.89,bark of the sago palm tree,plazi,species_phrase_docrefs,2,0,1,correct,correct,correct,correct,,,
K113,pipeline_extractive,body_size,Brachystomellidae,865,0.88 mm || 0.47-1.20 mm,0.88 mm,medline,1,7.76,Neorganella rotundatae sp. n.,medline,species_phrase_docrefs,3,0,1,correct,no_answer,no_answer,no_answer,,,
K117,pipeline_extractive,body_size,Hypogastruridae,842,1.5 mm || up to 1.5 mm,1.5 mm,plazi,1,7.5,1.5 mm,plazi,species_phrase_docrefs,3,0,1,correct,correct,correct,correct,,,
K119,pipeline_extractive,body_size,Arrhopalitidae,1052,0.7 mm || ~ 0.7 mm,0.7 mm,plazi,1,5.31,0.7 mm,plazi,species_phrase_docrefs,3,0,1,correct,correct,correct,correct,,,
K121,pipeline_extractive,body_size,Tomoceridae,524,3.5–4.0 mm || 3.5-4.0 mm,3.5–4.0 mm,medline,1,5.22,"antennae, the number of ungual teeth and the chaetotaxy on Abd. III and Abd. IV",medline,species_phrase_docrefs,4,0,1,correct,no_answer,no_answer,no_answer,,,
K123,pipeline_extractive,habitat,Sminthuridae,1617,"Robinia sp., shrubs, pines, and plant debris || Robinia || plant debris","Habitat.
Specimens were found associated to Robinia sp., shrubs, pines, and plant debris",plazi,1,6.24,"Habitat.
Specimens were found associated to Robinia sp., shrubs, pines, and plant debris",plazi,species_phrase_docrefs,3,0,1,geography,geography,geography,no_answer,,,
K124,pipeline_extractive,habitat,Tullbergiidae,4314,marine littoral sand,Mesaphorura,medline,1,6.24,marine littoral sand,medline,species_phrase_docrefs,4,0,1,geography,correct,correct,correct,,,
K129,pipeline_extractive,body_size,Brachystomellidae,1127,0.45-0.95 mm,0.45-0.95 mm,plazi,1,6.77,0.45-0.95 mm,plazi,species_phrase_docrefs,3,0,1,correct,correct,correct,correct,,,
K135,pipeline_extractive,body_size,Arrhopalitidae,97,1.2 mm,1.2 mm,plazi,1,4.32,1.2 mm,plazi,species_phrase_docrefs,1,0,1,correct,correct,correct,correct,,,
K136,pipeline_extractive,body_size,Neanuridae,927,0.84 mm,0.84 mm,plazi,1,4.1,0.84 mm,plazi,species_phrase_docrefs,1,0,1,correct,correct,correct,correct,,,
K137,pipeline_extractive,body_size,Tomoceridae,407,3.0 mm || up to 3.0 mm,up to 3.0 mm,plazi,1,4.02,up to 3.0 mm,plazi,species_phrase_docrefs,1,0,1,correct,correct,correct,correct,,,
K138,pipeline_extractive,habitat,Onychiuridae,3235,"broadleaved litter and soil, in an urban recreational park || urban recreational park || broadleaved litter and soil",litter and soil in the broadleaved forest,plazi,1,4.32,litter and soil in the broadleaved forest,plazi,species_phrase_docrefs,1,0,1,correct,correct,correct,correct,,,
K147,pipeline_extractive,habitat,Isotomidae,3532,under leaf-litter of moist deciduous forest || leaf-litter of moist deciduous forest || Tussar plantation garden,India,plazi,1,4.9,India,plazi,species_phrase_docrefs,2,0,1,geography,geography,geography,no_answer,,,
K149,pipeline_extractive,habitat,Neanuridae,2613,leaf litter in deciduous forest,"School of Life Science, Nanjing University",plazi,1,4.39,"School of Life Science, Nanjing University",plazi,species_phrase_docrefs,1,0,1,geography,geography,geography,no_answer,,,
K150,pipeline_extractive,habitat,Tomoceridae,6192,both twilight and dark zones of the cave || twilight and dark zones of the cave || troglophilous,Kharagauli municipality,medline,1,6.41,surface and subterranean,medline,species_phrase_docrefs,4,0,1,geography,wrong,wrong,wrong,,,
K151,pipeline_extractive,body_size,Isotomidae,2411,1.7–1.8 mm || 1.7-1.8 mm,65.5867°N,plazi,1,4.19,65.5867°N,plazi,species_phrase_docrefs,1,0,1,no_answer,no_answer,no_answer,no_answer,,,
K152,pipeline_extractive,body_size,Entomobryidae,471,1.6 mm || 1.57 mm,1.6 mm,plazi,1,4.18,1.6 mm,plazi,species_phrase_docrefs,1,0,1,correct,correct,correct,correct,,,
K153,pipeline_extractive,body_size,Hypogastruridae,263,1-1.3 mm || 1–1.3 mm,1-1.3 mm,plazi,1,4.97,1-1.3 mm,plazi,species_phrase_docrefs,3,0,1,correct,correct,correct,correct,,,
K154,pipeline_extractive,body_size,Arrhopalitidae,142,0.9 mm,0.9 mm,medline,1,5.6,"530 to 2,000 m a.s.l.",medline,species_phrase_docrefs,4,0,1,correct,no_answer,no_answer,no_answer,,,
K155,pipeline_extractive,body_size,Neanuridae,1034,2.7 mm || 2.8 mm,"2.8 mm, one juvenile 1.3 mm",medline,1,5.79,Paralobella sensilla sp. nov. is characterized by body tubercles well differentiated,medline,species_phrase_docrefs,3,0,1,correct,no_answer,no_answer,no_answer,,,
K156,pipeline_extractive,body_size,Tomoceridae,998,3 mm,3 mm,plazi,1,4.07,3 mm,plazi,species_phrase_docrefs,1,0,1,correct,correct,correct,correct,,,
K157,pipeline_extractive,body_size,Onychiuridae,469,1.7–2.0 mm || 1.7-2.0 mm || 1.6 mm,1.7–2.0 mm,plazi,1,5.49,1.7–2.0 mm,plazi,species_phrase_docrefs,2,0,1,correct,correct,correct,correct,,,
K158,pipeline_extractive,body_size,Paronellidae,387,2.51 mm,2.51 mm,plazi,1,4.46,2.51 mm,plazi,species_phrase_docrefs,1,0,1,correct,correct,correct,correct,,,
K160,pipeline_extractive,body_size,Orchesellidae,69,2.5–3 mm || 2.5-3 mm,2.5–3 mm,medline,1,7.18,"2,000 km west",medline,species_phrase_docrefs,4,0,1,correct,no_answer,no_answer,no_answer,,,
K161,pipeline_extractive,body_size,Sminthuridae,483,0.93–1.77 mm || 0.93-1.77 mm || 1.27 mm,0.93–1.77 mm,plazi,1,4.93,0.93–1.77 mm,plazi,species_phrase_docrefs,1,0,1,correct,correct,correct,correct,,,
K162,pipeline_extractive,body_size,Neelidae,1436,0.2–0.34 mm || 0.2-0.34 mm || 0.26 mm,0.16,medline,0,7.43,"In this work, we describe a new ""nosed"" species from the north of European part of Russia and redescribe the first known ""nosed"" species: Megalothorax sanctistephani Christian, 1998",medline,species_phrase_docrefs,7,0,1,no_answer,no_answer,no_answer,no_answer,,,
K163,pipeline_extractive,body_size,Tullbergiidae,1083,1.2 mm || 0.83-1.4 mm,1.2 mm,plazi,1,4.56,1.2 mm,plazi,species_phrase_docrefs,2,0,1,correct,correct,correct,correct,,,
K164,pipeline_extractive,body_size,Isotomidae,963,0.8–1.2 mm || 0.8-1.2 mm,0.8–1.2 mm,plazi,1,4.1,0.8–1.2 mm,plazi,species_phrase_docrefs,1,0,1,correct,correct,correct,correct,,,
K165,pipeline_extractive,body_size,Entomobryidae,2504,2.40 mm || 2.05 mm,30 T 4191 45213,plazi,1,4.2,30 T 4191 45213,plazi,species_phrase_docrefs,1,0,1,no_answer,no_answer,no_answer,no_answer,,,
K166,pipeline_extractive,body_size,Hypogastruridae,3904,1-2 mm || 1–2 mm,1-2 mm,medline,1,5.97,described,medline,species_phrase_docrefs,3,0,1,correct,no_answer,no_answer,no_answer,,,
K167,pipeline_extractive,body_size,Arrhopalitidae,84,0.7 mm,0.7 mm,plazi,1,3.88,0.7 mm,plazi,species_phrase_docrefs,1,0,1,correct,correct,correct,correct,,,
K168,pipeline_extractive,body_size,Neanuridae,2639,0.6–2.30 mm || 0.6-2.30 mm,0.6–2.30 mm,plazi,1,5.01,0.6–2.30 mm,plazi,species_phrase_docrefs,2,0,1,correct,correct,correct,correct,,,
K169,pipeline_extractive,body_size,Tomoceridae,394,2.8–3.3 mm || 2.8-3.3 mm || 3.0 mm,2.8–3.3 mm,plazi,1,4.34,2.8–3.3 mm,plazi,species_phrase_docrefs,1,0,1,correct,correct,correct,correct,,,
K170,pipeline_extractive,body_size,Onychiuridae,1967,1.2–1.7 mm || 1.5–2.3 mm || 1.2 mm,1592 m,plazi,1,8.46,1592 m,plazi,species_phrase_docrefs,6,0,1,no_answer,no_answer,no_answer,no_answer,,,
K171,pipeline_extractive,body_size,Paronellidae,385,1.57 mm,1.57 mm,plazi,1,4.06,1.57 mm,plazi,species_phrase_docrefs,1,0,1,correct,correct,correct,correct,,,
K174,pipeline_extractive,body_size,Sminthuridae,754,"1,184µm || 1,184 µm || 1184 µm","1,184µm",medline,1,6.74,"Keratosminthurus tapigu gen. nov. sp. nov. and K. calamitosus sp. nov. show a combination of features that redefines the subfamily Sminthurinae, such as a pair of sminthuroid chaetae, unguis without cavity, nine apical chaetae on tibiotarsus",medline,species_phrase_docrefs,4,0,1,correct,no_answer,no_answer,no_answer,,,
K175,pipeline_extractive,body_size,Neelidae,3610,300 µm,subequal in unguis length,plazi,1,3.31,subequal in unguis length,plazi,species_phrase_docrefs,1,0,1,no_answer,no_answer,no_answer,no_answer,,,
K176,pipeline_extractive,body_size,Tullbergiidae,345,0.50–0.62 mm || 0.50-0.62 mm,0.50–0.62 mm,medline,1,4.6,"Tullbergia meridionalis Cassagnau & Rapoport, 1962",medline,species_phrase_docrefs,3,0,1,correct,no_answer,no_answer,no_answer,,,
K177,pipeline_extractive,body_size,Isotomidae,1680,1.93 mm,1.93 mm 1.82 mm,plazi,1,5.4,1.93 mm 1.82 mm,plazi,species_phrase_docrefs,5,0,1,correct,correct,correct,correct,,,
K178,pipeline_extractive,body_size,Entomobryidae,3603,2.60 mm || 2.84 mm || 2.66 mm,"35F1F485-6D6D-4333-8AB3-F52D73AE0D1F
TYPE MATERIAL. — Holotype. Spain • ♀; Segovia, Sierra de Guadarrama, Majada Hambrienta (Northeast); 30 T 4185 45229; 1994 m a.s.l.; 17.XI.2015; Ortuño et al. leg.; pitfall SSD (since 2.VI.2015); MZNA SSD-7 (slide 06).
Paratypes. Spain • 19 specimens in ethyl alcohol; same data; MZNA as for holotype; Ortuño et al. leg.; MZNA • 4 specimens on slide and 78 in ethyl alcohol; SSD-6, slides 10 and 11; same data; MZNA • 5 specimens on slide and 24 in ethyl alcohol; SSD-8, slides 01 and 05; same data; MZNA • 4 specimens; SSD- 10, slide 02; same data; MZNA • 2 specimens on slide and 10 in ethyl alcohol; SSD-8, slides 14 and 15; same data as for holotype; Ortuño et al. leg.; MNHN .
TYPE LOCALITY. — Spain, Segovia, Sierra de Guadarrama, Majada Hambrienta (Northeast); 30 T4185 45229",plazi,1,4.44,"35F1F485-6D6D-4333-8AB3-F52D73AE0D1F
TYPE MATERIAL. — Holotype. Spain • ♀; Segovia, Sierra de Guadarrama, Majada Hambrienta (Northeast); 30 T 4185 45229; 1994 m a.s.l.; 17.XI.2015; Ortuño et al. leg.; pitfall SSD (since 2.VI.2015); MZNA SSD-7 (slide 06).
Paratypes. Spain • 19 specimens in ethyl alcohol; same data; MZNA as for holotype; Ortuño et al. leg.; MZNA • 4 specimens on slide and 78 in ethyl alcohol; SSD-6, slides 10 and 11; same data; MZNA • 5 specimens on slide and 24 in ethyl alcohol; SSD-8, slides 01 and 05; same data; MZNA • 4 specimens; SSD- 10, slide 02; same data; MZNA • 2 specimens on slide and 10 in ethyl alcohol; SSD-8, slides 14 and 15; same data as for holotype; Ortuño et al. leg.; MNHN .
TYPE LOCALITY. — Spain, Segovia, Sierra de Guadarrama, Majada Hambrienta (Northeast); 30 T4185 45229",plazi,species_phrase_docrefs,1,0,1,no_answer,no_answer,no_answer,no_answer,,,
K179,pipeline_extractive,body_size,Hypogastruridae,995,2.4 mm,2.4 mm,plazi,1,4.61,2.4 mm,plazi,species_phrase_docrefs,2,0,1,correct,correct,correct,correct,,,
K180,pipeline_extractive,body_size,Arrhopalitidae,1659,0.9mm || 0.9 mm,0.75X,plazi,1,4.76,0.75X,plazi,species_phrase_docrefs,2,0,1,no_answer,no_answer,no_answer,no_answer,,,
K181,pipeline_extractive,body_size,Neanuridae,42,1.15–1.40 mm || 1.15-1.40 mm,1.15–1.40 mm,plazi,1,3.84,1.15–1.40 mm,plazi,species_phrase_docrefs,1,0,1,correct,correct,correct,correct,,,
K182,pipeline_extractive,body_size,Tomoceridae,814,3.6 mm,1.6–1.8 mm,medline,0,10.88,antennae to body,medline,species_phrase_docrefs,12,0,1,wrong,no_answer,no_answer,no_answer,,,
K183,pipeline_extractive,body_size,Onychiuridae,511,1.8–2.6 mm || 1.8-2.6 mm || 2.0 mm,1.8–2.6 mm,plazi,1,4.92,1.8–2.6 mm,plazi,species_phrase_docrefs,2,0,1,correct,correct,correct,correct,,,
K184,pipeline_extractive,body_size,Paronellidae,31,2.4 mm,2.4 mm,medline,1,4.65,longer than body,medline,species_phrase_docrefs,2,0,1,correct,no_answer,no_answer,no_answer,,,
K188,pipeline_extractive,body_size,Neelidae,1370,0.35 mm,0.35 mm,plazi,1,4.37,0.35 mm,plazi,species_phrase_docrefs,2,0,1,correct,correct,correct,correct,,,
K190,pipeline_extractive,body_size,Isotomidae,1205,0.65–0.80 mm || 0.65-0.80 mm,0.65–0.80 mm,plazi,1,4.3,0.65–0.80 mm,plazi,species_phrase_docrefs,1,0,1,correct,correct,correct,correct,,,
K191,pipeline_extractive,body_size,Entomobryidae,650,1.8 mm,1.8 mm,medline,1,5.37,Ant. V,medline,species_phrase_docrefs,3,0,1,correct,no_answer,no_answer,no_answer,,,
K192,pipeline_extractive,body_size,Hypogastruridae,215,1.8 mm,up to 1.8 mm,plazi,1,5.83,up to 1.8 mm,plazi,species_phrase_docrefs,5,0,1,correct,correct,correct,correct,,,
K193,pipeline_extractive,habitat,Entomobryidae,2988,decompositing leaf litter || leaf litter,Yunnan,plazi,1,5.06,Yunnan,plazi,species_phrase_docrefs,2,0,1,geography,geography,geography,no_answer,,,
K194,pipeline_extractive,habitat,Tomoceridae,3536,"ground litter, dead logs and live mosses on steep slopes in a closed forest || ground litter",,,0,2.67,,,species_phrase_docrefs,0,1,0,no_answer,no_answer,no_answer,no_answer,,,
K197,pipeline_extractive,habitat,Neanuridae,5320,rotten wood and litter of Quercus suber and Q. canariensis forest || rotten wood and litter,humid,plazi,1,3.89,humid,plazi,species_phrase_docrefs,2,0,1,no_answer,no_answer,no_answer,no_answer,,,
K198,pipeline_extractive,habitat,Hypogastruridae,4982,soil under decaying leaves and sticks in deciduous forest,Nanjing,plazi,1,3.86,Nanjing,plazi,species_phrase_docrefs,1,0,1,geography,geography,geography,no_answer,,,
K199,pipeline_extractive,habitat,Onychiuridae,4197,saline meadows and cryo-arid steppes || saline meadows,grass-wormwood meadow on salt licks,medline,1,5.48,Buryatia,medline,species_phrase_docrefs,3,0,1,correct,geography,geography,no_answer,,,
K200,pipeline_extractive,habitat,Paronellidae,11438,a chamber in the dark zone of a cave || dark zone of a cave,a chamber in the dark zone of a cave,plazi,1,7.54,a chamber in the dark zone of a cave,plazi,species_phrase_docrefs,2,0,1,correct,correct,correct,correct,,,
K202,pipeline_extractive,habitat,Tullbergiidae,3977,the dunes of the beach and tropical forest || dunes of the beach,litter of old coast western hemlock forest,medline,1,6.37,sand beach,medline,species_phrase_docrefs,2,0,1,correct,correct,correct,correct,,,
K203,pipeline_extractive,habitat,Neelidae,11975,humid micro-habitats,Thoracic terga chaetotaxy,medline,1,8.37,French Pyrénées,medline,species_phrase_docrefs,5,0,1,unscored,unscored,unscored,unscored,,,
K204,pipeline_extractive,habitat,Arrhopalitidae,13880,caves,terrestrial,plazi,1,5.51,terrestrial,plazi,species_phrase_docrefs,2,0,1,no_answer,no_answer,no_answer,no_answer,,,
K205,pipeline_extractive,habitat,Entomobryidae,353,Under stones,Under stones,medline,1,6.83,Purple Mountain,medline,species_phrase_docrefs,4,0,1,unscored,unscored,unscored,unscored,,,
K206,pipeline_extractive,habitat,Tomoceridae,5701,In cAVE || cave,TypEs Of chAEtAE sIMILAR tO thOsE Of Tomocerus troglodytes sp. nov,medline,1,6.39,cave,medline,species_phrase_docrefs,3,0,1,correct,correct,correct,correct,,,
K207,pipeline_extractive,habitat,Isotomidae,10352,forest litter,stream,plazi,1,4.11,stream,plazi,species_phrase_docrefs,1,0,1,wrong,wrong,wrong,wrong,,,
K208,pipeline_extractive,habitat,Sminthuridae,1635,a coniferous forest of Cryptomeria fortunei || coniferous forest,coniferous forest of Cryptomeria fortunei,plazi,1,3.91,coniferous forest of Cryptomeria fortunei,plazi,species_phrase_docrefs,1,0,1,correct,correct,correct,no_answer,,,
K209,pipeline_extractive,habitat,Neanuridae,3294,soil under a stack of decayed grass in the orange grove,orange trees,plazi,1,3.82,orange trees,plazi,species_phrase_docrefs,2,0,1,no_answer,no_answer,no_answer,no_answer,,,
K210,pipeline_extractive,habitat,Hypogastruridae,7292,a saline maritime marsh || saline maritime marsh,litter of a mountain forest vs. a saline maritime marsh,medline,1,4.8,coastal communities,medline,species_phrase_docrefs,3,0,1,correct,wrong,wrong,no_answer,,,
K211,pipeline_extractive,habitat,Onychiuridae,4241,the coniferous forest || coniferous forest,litter and soil,medline,1,3.82,tibiotarsi,medline,species_phrase_docrefs,3,0,1,wrong,no_answer,no_answer,no_answer,,,
K212,pipeline_extractive,habitat,Paronellidae,4508,iron caves,Brazil,plazi,1,4.17,Brazil,plazi,species_phrase_docrefs,1,0,1,geography,geography,geography,no_answer,,,
K214,pipeline_extractive,habitat,Entomobryidae,8722,the dark zone of the cave || dark zone of the cave,an oligotrophic area within the wet and humid dark zone of a cave,plazi,1,6.05,an oligotrophic area within the wet and humid dark zone of a cave,plazi,species_phrase_docrefs,3,0,1,correct,correct,correct,correct,,,
K215,pipeline_extractive,habitat,Tomoceridae,6348,piles of bat guano in the Dark Zone || bat guano,Jangamgul cave,plazi,1,4.56,Jangamgul cave,plazi,species_phrase_docrefs,1,0,1,correct,correct,correct,no_answer,,,
K216,pipeline_extractive,habitat,Isotomidae,7136,littoral zone of the shore of Lake Baikal || shingly beaches || littoral zone,stony beach,medline,1,5.33,Baikal,medline,species_phrase_docrefs,3,0,1,no_answer,geography,geography,no_answer,,,
K218,pipeline_extractive,habitat,Neanuridae,5584,the thick layer of leaf litter of an oak forest || leaf litter || decaying wood,leaf litter of a beech forest,plazi,1,4.41,leaf litter of a beech forest,plazi,species_phrase_docrefs,1,0,1,correct,correct,correct,correct,,,
K219,pipeline_extractive,habitat,Hypogastruridae,3418,soil under tiles and leaves,Huqiu Mountain,plazi,1,3.68,Huqiu Mountain,plazi,species_phrase_docrefs,1,0,1,geography,geography,geography,no_answer,,,
K220,pipeline_extractive,habitat,Onychiuridae,4840,organic remains and the surface of gours || Troglobiont,"Onychiurus akelaris Jordana & Beruete, 1983 . Mitt. Schweiz. Entomol. Ges., 56(3-4): 307
Deuteraphorura akelaris (Jordana & Beruete) : Jordana et al., 2012. Terrestrial Arthropod Reviews, 5: 65
Figs 2–7, Tables 2, 3 and 10
Type material. Loc. 1. Akelar cave",medline,1,4.27,caves of the Basque bio-speleological district,medline,species_phrase_docrefs,2,0,1,correct,correct,correct,no_answer,,,
K221,pipeline_extractive,habitat,Paronellidae,3921,iron-caves || water film over the rocks and organic debris,small (less than 100 m deep) iron-caves,plazi,1,4.07,small (less than 100 m deep) iron-caves,plazi,species_phrase_docrefs,1,0,1,correct,correct,correct,correct,,,
K223,pipeline_extractive,habitat,Entomobryidae,10895,beneath leaf litter on a mountain slope || leaf litter,leaf litter on a mountain slope,plazi,1,4.13,leaf litter on a mountain slope,plazi,species_phrase_docrefs,1,0,1,correct,correct,correct,correct,,,
K225,pipeline_extractive,habitat,Isotomidae,317,damp habitats,soil in rapeseed fields,medline,0,9.53,Ladymoor soil,medline,species_phrase_docrefs,11,0,0,unscored,unscored,unscored,unscored,,,
K226,pipeline_extractive,habitat,Sminthuridae,1918,"Australian pine needles, leaf mold, and forest debris || forest litter || sand dunes","Sphyrotheca mucroserratus Snider, 1978: 236.
Diagnosis.
Antennae, legs, and furca purplish, head purplish near the mouth",plazi,1,4.18,"Sphyrotheca mucroserratus Snider, 1978: 236.
Diagnosis.
Antennae, legs, and furca purplish, head purplish near the mouth",plazi,species_phrase_docrefs,1,0,1,geography,geography,geography,no_answer,,,
K228,pipeline_extractive,habitat,Hypogastruridae,7672,bat guano in a cave || bat guano,bat guano,plazi,1,4.51,bat guano,plazi,species_phrase_docrefs,2,0,1,no_answer,no_answer,no_answer,no_answer,,,
K229,pipeline_extractive,habitat,Onychiuridae,3677,the broadleaved forest || broadleaved forest,"Leeonychiurus Sun & Arbea, 2014: 116",medline,1,5.68,northeast China,medline,species_phrase_docrefs,4,0,1,geography,geography,geography,no_answer,,,
K230,pipeline_extractive,habitat,Paronellidae,7189,"guanophile || entrance, twilight (Fig. 22) and dark zones of caves || caves",Metathorax,medline,1,9.92,six caves in southern Belize,medline,species_phrase_docrefs,8,0,1,geography,correct,correct,correct,,,
K231,pipeline_extractive,habitat,Entomobryidae,6076,moss on alder logs || moss,moss on dead lying alder trees,plazi,1,4.63,moss on dead lying alder trees,plazi,species_phrase_docrefs,1,0,1,correct,correct,correct,correct,,,
K232,pipeline_extractive,habitat,Tomoceridae,8235,troglophilous,"GEORGIA, Samegrelo– – Zemo Svaneti region",plazi,1,5.38,"GEORGIA, Samegrelo– – Zemo Svaneti region",plazi,species_phrase_docrefs,2,0,1,geography,geography,geography,no_answer,,,
K233,pipeline_extractive,habitat,Isotomidae,4304,leaf litter in indigenous vegetation || leaf litter,South Africa,plazi,1,4.48,South Africa,plazi,species_phrase_docrefs,1,0,1,geography,geography,geography,no_answer,,,
K235,pipeline_extractive,trophic_guild,Entomobryidae,8806,bat guano || patches of bat guano,bat guano,plazi,1,5.47,bat guano,plazi,species_phrase_docrefs,2,0,1,no_answer,no_answer,no_answer,no_answer,1,1,1
K236,pipeline_extractive,trophic_guild,Tullbergiidae,5689,fungi,clay soil,medline,1,4.27,bee,medline,species_phrase_docrefs,3,0,1,no_answer,no_answer,no_answer,no_answer,0,0,0
K237,pipeline_extractive,trophic_guild,Entomobryidae,4771,superficial molds and fine organic debris || fungivorous – detritivorous || molds,superficial molds and fine organic debris,medline,1,4.53,Palaearctic Collembola,medline,species_phrase_docrefs,2,0,1,correct,no_answer,no_answer,no_answer,1,0,0
K238,pipeline_extractive,trophic_guild,Entomobryidae,10815,a cricket corpse || cricket corpse,cricket corpse,plazi,1,4.96,cricket corpse,plazi,species_phrase_docrefs,2,0,1,no_answer,no_answer,no_answer,no_answer,1,1,1
K244,pipeline_extractive,trophic_guild,Entomobryidae,2527,fungal hyphae and spores || fungal hyphae,leaf litter,plazi,1,4.71,leaf litter,plazi,species_phrase_docrefs,3,0,1,no_answer,no_answer,no_answer,no_answer,0,0,0
K247,pipeline_extractive,trophic_guild,Tullbergiidae,8754,fungivorous || spores and mycelium fragments of soil fungi || soil fungi,soil samples from coniferous forest,medline,1,4.55,Th. I-Abd. V,medline,species_phrase_docrefs,2,0,1,no_answer,no_answer,no_answer,no_answer,0,0,0
K248,pipeline_extractive,trophic_guild,unassigned,9664,clay and organic particles || fungal hyphae || fungal spores,Neelus murinus,plazi,0,8.32,Neelus murinus,plazi,species_phrase_docrefs,6,0,1,no_answer,no_answer,no_answer,no_answer,0,0,0
