docid,species,family,text_length,n_docs_with_binomial,collections,body_size_in_treatment,body_size_in_other_docs,trophic_guild_in_treatment,trophic_guild_in_other_docs,chosen
0B21878A6362FD06F7EFC907FBB98EC2,Pseudosinella josemarii,Entomobryidae,6137,1,plazi,1,,0,,trophic_guild
03E003481F0E8C04FEF6017FFAA8FAEF,Hypogastrura crinigera,Hypogastruridae,14484,1,plazi,1,,0,,trophic_guild
8C6A711CFFC0B73AD8A8F757D4BFDC5F,Folsomides cariocus,Isotomidae,5285,2,medline|plazi,1,,0,,trophic_guild
03E587D9FFE2F379FF2D55EAFAFEC801,Supraphorura chernovae,Onychiuridae,4466,3,medline|plazi|pmc,1,,0,,trophic_guild
D21E1033FFE5FFB1FF1371A1E4D3FEF0,Simonachorutes agrensis,Neanuridae,2361,1,plazi,1,,0,,trophic_guild
BA7487DEEF67FFA7FF2841A9FD7B0918,Pygmarrhopalites kaprusi,Arrhopalitidae,9452,1,plazi,1,,0,,trophic_guild
9D4287A36167FFDE49C5FBCCBCB352D0,Salina anhuiensis,Paronellidae,3537,1,plazi,1,,0,,trophic_guild
5630E96FFFD0FFA804DAF97CFE510B82,Plutomurus jordanai,Tomoceridae,6711,2,medline|plazi,1,,0,,trophic_guild
81A9ABEC31D5FF9A8804C71F802489FF,Eupolybothrus liburnicus,Tullbergiidae,13120,5,medline|plazi|pmc,1,,0,,trophic_guild
4ADF2244913052D886C0579DA546420B,Szeptyckitheca kac,Sminthuridae,1641,1,plazi,0,,0,,trophic_guild
03FC6644DC452C7AFF79FA446A54FA47,Megalothorax boerneri,Neelidae,5138,3,plazi|pmc,1,03FC6644DC422C76FF79F8746E17FAAB,0,,trophic_guild
03F8C314FFD5FF87FF60F9708C9DF841,Superodontella multisensillata,Odontellidae,4833,1,plazi,1,,0,,trophic_guild
03A887B9FFBF2B7AFE98D431FB4FFE6C,Folsomiella albida,Brachystomellidae,3242,2,plazi,1,,0,,trophic_guild
03E0BD5B6053FFACFF2CFE81FB8CFCA2,Denisiella rhizophorae,Sminthurididae,6393,2,medline|plazi,1,30313203,0,,trophic_guild
03B7878BD918E339CFE654E8213ED7BD,Coecobrya tenebricosa,Oncopoduridae,3684,9,medline|plazi|pmc,0,,0,,body_size
1D54879FFFE6FFAEFEC381CEFA94C766,Polydiscia deuterosminthurus,Bourletiellidae,10470,2,plazi,1,1D54879FFFEFFFA8FEC38429FC67C250,0,,trophic_guild
B14287AAFF9470513E83B315FC1BF8AB,Dicranocentrus dolosus,Orchesellidae,9858,3,medline|plazi,1,,0,,trophic_guild
03F9351AAF56C00D3ADF444FCD97FE14,Metagonia diamantina,Cyphoderidae,3652,3,plazi|pmc,1,EBA047697E5F565E94252269AA279721,0,,trophic_guild
039D131BFFF9FB301E8EF929FBF8B3BE,Borgesminthurinus andinus,Katiannidae,5237,1,plazi,1,,0,,trophic_guild
C2C10B38AC375B2982BE4D52133532B3,Coenaletes colombianus,Coenaletidae,6963,1,plazi,1,,0,,trophic_guild
0DFE1A6C23E9CF326AA6BA2F7EC63B75,Isotogastrura trichaetosa,Isotogastruridae,6337,3,plazi|pmc,1,B5C9C6611A876CE762460CE72C61EE15,0,,trophic_guild
027087B5A85F785ACCE7FB82FCD7FC75,Entomobrya hirsutothorax,Entomobryidae,5780,1,plazi,1,,0,,trophic_guild
18944DB37B50E010A48EF7BB730BAFD6,Cosberella mendozarum,Hypogastruridae,6495,1,plazi,1,,0,,trophic_guild
02788780A945B8114F717286FD5CF934,Tetracanthella fusca,Isotomidae,1710,3,plazi,1,,0,,trophic_guild
A2745411FFC3C10BC9A5FC437D6D8A3B,Similonychiurus voegtlini,Onychiuridae,2543,2,plazi,1,,0,,trophic_guild
03C9E776FFD8FFB9BCABFC96A4A9FF72,Endonura asiatica,Neanuridae,4681,1,plazi,1,,0,,trophic_guild
03A12C184324C156CC831D85B374F979,Pygmarrhopalites leonardwoodensis,Arrhopalitidae,5931,1,plazi,1,,0,,trophic_guild
044CBEC7FDC23C4FCD2F59FE217EC3CA,Trogolaphysa belizeana,Paronellidae,3012,3,plazi,0,AFDB54D96169FD6F35FC33EAF47CC404|FF2F56857627DAFBB37849B35FB7FD6E,0,,trophic_guild
CFDEFF1339251149C64196287E16F253,Tomocerus tiani,Tomoceridae,7650,3,medline|plazi|pmc,1,,0,,trophic_guild
48178787FFDA9F56FECBFA0D84F24521,Delamarephorura tami,Tullbergiidae,3847,2,plazi,1,,0,,trophic_guild
582EBBB3A161501DB9F1CBD0BAFBB127,Szeptyckitheca peteri,Sminthuridae,1855,1,plazi,0,,0,,body_size
03EF9B26975AFFBCFF0825BFF8CEF87E,Megalothorax perspicillum,Neelidae,3363,8,plazi|pmc,1,03FC6644DC422C76FF79F8746E17FAAB|03FC6644DC492C7BFF79F9EB6FC7FEEA,0,,trophic_guild
03A987C9B258720F56FFFBDA17647D92,Austrodontella monticola,Odontellidae,9182,3,medline|plazi|pmc,1,,0,,
0383AD20A935FF9FFF1BBD46FE9DFCFD,Brachystomella garayae,Brachystomellidae,6553,1,plazi,1,,0,,
18630065BE965A79B8B75AED4A8D9A99,Denisiella piracurucaensis,Sminthurididae,9809,2,plazi|pmc,1,,0,,
03B7878BD91CE33ACFE657122021D794,Pseudosinella grauae,Oncopoduridae,6675,2,medline|plazi,1,,0,,
0D9D3124A7FA53E2A7163DC07AB1A65B,Hyperglomeris bicaudata,Bourletiellidae,5945,1,plazi,1,,0,,
B14287AAFF8E70413E83B68EFCB0F8C0,Australotomurus womersleyi,Orchesellidae,1890,1,plazi,1,,0,,
159CFDABE5646F475BD021373A0399B9,Cyphoderus songkhlaensis,Cyphoderidae,11510,3,plazi,1,6CB1AEDA09E85EB254C928B8B074EDF1,0,,
903A2131FFCFFFF792FDFC1150CCF837,Katianna maryae,Katiannidae,10674,2,medline|plazi,1,,0,,
03EF87CBFFF0FFE7C0EE8A06FC01FCA4,Campylothorax viruaensis,Entomobryidae,12269,1,plazi,1,,0,,
985F87902F61FFFF97BEFDBADCCA36E4,Onychiurus wilchi,Hypogastruridae,5402,3,medline|plazi,1,,0,,
0D38B345FFB61D0FDA8BFF773161760B,Isotomurus sahebganjensis,Isotomidae,5360,2,plazi,1,0D38B345FFBF1D05D952FC81335274F3,0,,
EAE8D8E4C398888BD256E332009CB892,Oligaphorura interrupta,Onychiuridae,6097,4,plazi|pmc,1,A202E58DDDB044CBEFC92CF1ABBD6371,0,,
03F687A1FFC4A5058B1C79869A0FFA22,Crossodonthina tiantongshana,Neanuridae,5963,2,plazi,1,03BB87DC940D2E427CE4FF7DFC06FC42,0,,
03C387C2FFFCFFDEFE9C4061A9D5321E,Arrhopalites wallacei,Arrhopalitidae,1555,1,plazi,0,,0,,body_size
94176063FB2A5DAA9E626EF7B42441D1,Troglopedetes takensis,Paronellidae,12027,1,plazi,1,,0,,
FB3F87CFF075D931465EF291DD850B5E,Pachyotoma caucasica,Tomoceridae,2514,2,plazi,0,,0,,body_size
03E7B87DFFAFF90CBCCCFA156EB196DF,Neonaphorura alicatai,Tullbergiidae,5153,2,medline|plazi,1,,0,,
A43C8798369754A28057911EAA3D08A7,Szeptyckitheca vanderdrifti,Sminthuridae,1511,1,plazi,0,,0,,body_size
3545FC68FFF1FFC8A691FEB7C35CABBC,Neelus fimbriatus,Neelidae,11552,5,medline|plazi,1,03A8760E7B614F0772BBFBDDD06270F3|DEA8E63A4481B322F5E78861E67246F4,0,,
03BB9D1CFF8095204AC1FF2EFF46F819,Superodontella gladiator,Odontellidae,12075,1,plazi,1,,1,,
37ABD66B53D6413112437ECD1CFCC7D8,Micronella itacaman,Brachystomellidae,3944,5,medline|plazi|pmc,1,03DC87BAFFA9FF857A9DFB9CC9F1FBB8,0,,
C872CB77A9965C57B90F34A0C16B8F00,Sphaeridia piauiensis,Sminthurididae,10489,2,plazi|pmc,1,,0,,
0DE942F0F13A50969C29E2D6D831820D,Oncopodura moghanensis,Oncopoduridae,11606,2,plazi|pmc,1,,0,,
1B1DB82EF40F0F187CB993C43377FD70,Adisianus pinheadi,Bourletiellidae,12284,3,medline|plazi|pmc,1,,0,,
766F1830FFB77557C2B7FD5DFA4EFD16,Alloscopus arborealis,Orchesellidae,20306,2,plazi|pmc,1,,0,,
FB3FE532FFF1FFC5668DFE83FED7FC3F,Lepidocyrtus divisus,Entomobryidae,13125,1,plazi,1,,0,,
03E287CBFF94FFFADF7EFBE4FD7BE507,Paraxenylla cubana,Hypogastruridae,2356,1,plazi,1,,0,,
03B287EEFFD5CF32FCD1FA214235FB0F,Bourletiella meghalayensis,Isotomidae,4886,3,plazi,1,,0,,
131087DDEB79F019FE6559B0FEF7FC48,Onychiurus antennalis,Onychiuridae,4571,1,plazi,1,,0,,
03B687C1112EC87AFF5DFBE1795EBECD,Cryptonura persica,Neanuridae,4348,6,medline|plazi,1,,0,,
03C387C2FFEAFFCDFE9C4373AE2D3576,Arrhopalites heteroculatus,Arrhopalitidae,2479,1,plazi,1,,0,,
0C92AD2CF23BFC0A7D646A84597040CF,Pseudosinella vulcana,Paronellidae,7804,3,plazi|pmc,1,60FFD8E79F376AE01810E81CA4A96E7D,0,,
039987FCFFC7FF96FF143D9169F28BDE,Plutomurus eristoi,Tomoceridae,4842,1,plazi,1,,0,,
AA5587BF5C23FFB7FF22F9F2FC5267A9,Psammophorura miniclavata,Tullbergiidae,7671,5,medline|plazi,1,AA5587BF5C24FFADFF22FEBAFC216532|AA5587BF5C2DFFA0FF22FCD0FC166374|AA5587BF5C24FFAAFF22FB0EFE7664AC,0,,
DF2C163D4D01574D8B01C1A1B5819C94,Szeptyckitheca bellingeri,Sminthuridae,1882,1,plazi,0,,0,,body_size
ADEE91046267A35124EC122FCB879B3F,Megalothorax potapovi,Neelidae,12927,4,medline|plazi|pmc,1,2DB6BA5AC5D079424DF75AD2C74C893A,0,,
03F8C314FFD6FF83FF60FF318A4DFE5D,Superodontella huculica,Odontellidae,5048,2,plazi,1,03F8C314FFD0FF81FF60FD8D8C4EFBDD,0,,
03A887B9FFB22B76FE98D431FE0CF89B,Folsomiella pseudocaeca,Brachystomellidae,3062,1,plazi,1,,0,,
093474030C34FFA388A5F96B44CDFD73,Denisiella colombiana,Sminthurididae,6336,3,plazi|pmc,1,,0,,
03B7878BD91AE338CFE65379204ED455,Oncopodura siquierae,Oncopoduridae,5826,3,medline|plazi|pmc,1,,0,,
37EF39D808F55F4B902FFDCD56423765,Coecobrya phitsanulokensis,Entomobryidae,9284,1,plazi,1,,0,,
985F87902F4FFFD397BEF93ADB0E3039,Hypogastrura ireneae,Hypogastruridae,5187,3,medline|plazi,1,,0,,
039A87B5FFFD0E02FC83F934FB20FC76,Pachyotoma penalarensis,Isotomidae,6575,1,plazi,1,,0,,
12A79D7B47F0CD364C09CC3496325321,Protaphorura vasilinae,Onychiuridae,5767,5,plazi|pmc,1,PMC5102424|8DBF8D552B10F5BBBF0CE2840FE09272|734301D09F1EDCEBBB65F5EC81313195|243B8CAC5DF6CDC27CA851695A52183D,0,,
03C66869FFE0341E88C835384878B281,Furculanurida emucronata,Neanuridae,11807,3,medline|plazi|pmc,1,,0,,
03EDEE28521F6F52FE9EFCC1FD2420E5,Arrhopalites japonicus,Arrhopalitidae,1646,1,plazi,0,,0,,body_size
720BFC4CFFE5FF89FCFEFA7C1D09AC47,Trogolaphysa fuelleborni,Paronellidae,3271,1,plazi,0,,0,,body_size
03D533495705F166FF6FFDEFA80EFE6D,Tomocerus leyensis,Tomoceridae,6219,3,medline|plazi,1,,0,,
635CDAF4A788D35ED832B7A5DDFC6306,Metaphorura motuoensis,Tullbergiidae,6317,4,medline|plazi|pmc,1,37044510,0,,
9D5A87B4FF973C5925E2FBD1FEE1FB0E,Palaeochiridium insolitum,Sminthuridae,5876,3,medline|plazi,1,,0,,
0389879EFFDACA4334AAFF16FC4AFB72,Megalothorax processus,Neelidae,7533,5,medline|plazi|pmc,1,,0,,
0391006FFFAA201C1FB288AAE1F2FD18,Odontella rapoporti,Odontellidae,6643,2,medline|plazi,1,,0,,
887986AEB71CC457F209CDF0CADEB76C,Micronella longisensilla,Brachystomellidae,4415,5,medline|plazi|pmc,1,03DC87BAFFA9FF857A9DFB9CC9F1FBB8,0,,
03E0BD5B605DFFBBFF2CFCACFD20FE3E,Denisiella caatingae,Sminthurididae,4044,1,plazi,1,,0,,
03B7878BD919E339CFE6555F205CD2A3,Disparrhopalites patrizi,Oncopoduridae,1587,3,medline|plazi,0,,0,,body_size
03B574701C27FFFFFF38F9E8FDEEBA3D,Troglopedetes vanharteni,Entomobryidae,3427,1,plazi,1,,0,,
A441878A305DFF96FF448930FCEDC620,Austrogastrura marambaia,Hypogastruridae,5330,3,plazi,1,,0,,
69C2CE12F7A35C5F8BFAE2161DB28876,Narynia alxaica,Isotomidae,4139,2,plazi|pmc,1,,0,,
AD4F20C98C3E01C1D977694568FF538A,Sensillonychiurus vegae,Onychiuridae,5356,5,plazi|pmc,1,FE4FFC3A3D1D9136155F1399BD093F86|3125C75D87B78CA097BA8A6706450B21|B3C7F6B18B0E25A6718B7D868FD16FA3,0,,
03E2E70DFFBFFFC5FF63F8C47143FF3D,Palmanura klompeni,Neanuridae,2639,1,plazi,1,,0,,
8F2F2F2DA72EFF86FF1F4A3835AEFB36,Pygmarrhopalites trisetosus,Arrhopalitidae,15472,3,plazi|pmc,1,8F2F2F2DA727FF9EFF1F4A163540FC32,0,,
03F17166D00DEE17FE1BFE73FCF5FF4A,Campylothorax dominicanus,Paronellidae,3941,1,plazi,1,,0,,
52368796FFB7FFDD49A4FD9200A4F926,Tomocerus dong,Tomoceridae,7028,4,medline|plazi,1,03F087A17A041059FF5CAE4AFE73F814,0,,
AA5587BF5C3EFFB3FF22F8E3FC6C6694,Stenaphorura shaconage,Tullbergiidae,8662,2,medline|plazi,1,,0,,
03B687E7FF9CD416FF0FFC471122FD1E,Janusius geumgangensis,Sminthuridae,6353,2,medline|plazi,1,,0,,
01379830FFFA5071E0E90FE6BF78D6D5,Megalothorax tasmanterolenis,Neelidae,5483,2,medline|plazi,1,,0,,
0391006FFFAD20131FB28BFCE6E4FF3C,Odontella septemlobata,Odontellidae,6316,1,plazi,1,,0,,
03A887B9FFB62B77FE98D00BFA9DF8A4,Folsomiella trisetosa,Brachystomellidae,4197,2,plazi,1,,0,,
03E0BD5B6056FFA0FF2CFC89FE26F869,Denisiella betschi,Sminthurididae,4084,1,plazi,1,,0,,
03F0C638FFCEFFCCFDD8CF6C63EEFCC2,Sinoncopodura nana,Oncopoduridae,11233,2,plazi,1,03F0C638FFCFFFC2FE2CCF1E66BBFB81,0,,
E8E1636F3F23B5FC72A97DA44A3025A3,Entomobrya neotenica,Entomobryidae,4179,7,medline|plazi|pmc,1,0AE3871A8D0AF6A2F680B33C2BB18A75,0,,
03FB2749FFAE6638B08F629DFA2DFC81,Hypogastrura trybomi,Hypogastruridae,2861,2,plazi,0,,0,,body_size
03898792FFF3BD28FF75FE4BFC01FEF1,Skadisotoma inpericulosa,Isotomidae,10488,4,medline|plazi,1,,0,,
03E8BE58FFC8AC564DFAF912FD29FBE6,Sensiphorura anichkini,Onychiuridae,5323,2,plazi,1,,0,,
2227F05E9D6FFFD02DB2F5EAC19A6E7A,Australonura neotropica,Neanuridae,4971,3,plazi,1,,0,,
03C387C2FFEBFFCBFE9C4426AF0E352E,Arrhopalites alambariensis,Arrhopalitidae,2287,1,plazi,1,,0,,
56B526123B493CD2351C7672EB22AB66,Troglobius brasiliensis,Paronellidae,1737,3,medline|plazi,0,D5A482BBE923692D748F26B34A6D383B,0,42734706,
D7B642D83659E0AF7895F44ADD7204EC,Monodontocerus cinereus,Tomoceridae,5704,3,medline|plazi|pmc,1,,0,,
03A88104FFAA7B5EA59CF9DEF6AFAC47,Mesaphorura critica,Tullbergiidae,4781,12,medline|plazi|pmc,1,03A88104FFAE7B58A59CF8C4F2BCAD1A,0,,
03DD87D0AB1BCC21FF2AFE8AFCC2FE18,Nevadesmus ophimontis,Sminthuridae,4982,4,plazi,1,03DD87D0AB1CCC23FF2AFC24FCF2FE82|A6ED1B4491DA5C7BBECB784E7558BB1A,1,A6ED1B4491DA5C7BBECB784E7558BB1A,
01379830FFF45076E0E90970BD8DD156,Megalothorax zealanterolenis,Neelidae,8414,2,medline|plazi,1,,0,,
03F8C314FFD0FF81FF60FD8D8C4EFBDD,Superodontella ruta,Odontellidae,5492,1,plazi,1,,0,,
03DC87BAFFA9FF857A9DFB9CC9F1FBB8,Micronella najtae,Brachystomellidae,6578,1,plazi,1,,0,,
A742F903FF9DFFA3CAB3FDFDC19310F8,Denisiella diomedesi,Sminthurididae,4066,2,plazi,1,,0,,
03C287A9FFE7FFB0D5C0FEC55545FCAB,Seira paraibensis,Entomobryidae,6621,1,plazi,0,,0,,body_size
B42D87841F08863FFF30FE906C5DFCFE,Mesachorutes espanoli,Hypogastruridae,3739,1,plazi,1,,0,,
03E38790FFD6930CFF0B3E49D9835A88,Vertagopus cinereus,Isotomidae,1878,4,plazi,0,,0,,body_size
45315A4349CDDF87A35B5E3C545369E7,Protaphorura abscondita,Onychiuridae,5889,2,plazi|pmc,1,PMC5102424,0,,
A51987AEFFE7820BFF41D709B0B1F954,Crossodonthina bidentata,Neanuridae,6280,7,medline|plazi|pmc,1,039987F6FF90FFA2FF37FBE2AEA4F9B0,0,,
BA7487DEEF6DFFA0FF28404AFD3109E1,Pygmarrhopalites tauricus,Arrhopalitidae,10660,1,plazi,1,,0,,
03DF090CFFEAFFF510038FF9FE09F807,Salina colombiana,Paronellidae,7647,3,plazi|pmc,1,,0,,
03F8F965B33FF03150BDFA0FFF389043,Pogonognathellus brevifulvus,Tomoceridae,1736,1,plazi,1,,0,,
AA5587BF5C29FFADFF22FD5AFB706054,Ameritulla obscura,Tullbergiidae,5844,3,plazi,1,AA5587BF5C2DFFA0FF22FCD0FC166374,0,,
DAF87AE6B382546FBA8062CCD4AE2217,Szeptyckitheca karlarum,Sminthuridae,2086,1,plazi,0,,0,,body_size
0C0C6C18FFBEFF8B7C43FE2AFABAFC10,Megalothorax calvignacensis,Neelidae,6828,1,plazi,1,,0,,
65497666FFA0446950C94693FE5CD2E8,Stachia oregonensis,Odontellidae,4444,2,plazi,1,,0,,
03B5E34DFFC0FFC6CFBCFBAC8EAFFF42,Xenylla vanharteni,Brachystomellidae,5255,1,plazi,1,,0,,
03D0879CEA35F95E7415F973187C3618,Nemaspela borkoae,Entomobryidae,7477,4,plazi|pmc,1,,0,,
985F87902F57FFCB97BEFB32D94F3505,Schoettella glasgowi,Hypogastruridae,6465,2,medline|plazi,1,,0,,
03DB87D28823FF82D6B0A3BEFCB136C7,Paracerura airesi,Isotomidae,5334,1,plazi,1,,0,,
03FDDD4A654BFF8FCDBAF8993ABD311F,Spinonychiurus persicus,Onychiuridae,4237,3,plazi|pmc,1,,0,,
7E2F25BCF0ED500F8259A42C3BB45E43,Hylaeanura emiliae,Neanuridae,3384,3,medline|plazi|pmc,1,,0,,
03C387C2FFF4FFD5FE9C47B6A9CF3619,Arrhopalites amorimi,Arrhopalitidae,1758,1,plazi,0,,0,,body_size
B83E8799FFCF155096AFE6C5278AD55D,Seira burgersi,Paronellidae,8663,2,medline|plazi,1,,0,,
B0158799FFB6FFF3CCADFD48FA70FA8E,Tomocerus qinae,Tomoceridae,7764,7,medline|plazi|pmc,1,35298623|38471545|PMC8995043,0,,
03DF8784B134FFA9FF63924BC938298D,Dinaphorura nerudai,Tullbergiidae,11478,2,medline|plazi,1,,0,,
99663B62A1735E6BAF95B11B72584C2A,Szeptyckitheca santiagoi,Sminthuridae,1977,1,plazi,0,,0,,body_size
01379830FFFE507EE0E90BF7BD9DD419,Megalothorax anterolenis,Neelidae,9283,3,medline|plazi,1,,0,,
1E482D44FFE9F47DFF36F99C91F3F937,Superodontella tayaensi,Odontellidae,6212,1,plazi,1,,0,,
03B787FAFFB3597080A6FC86927ACFF0,Sinella whitteni,Entomobryidae,7407,1,plazi,1,,0,,
95DCD953A7CA50F6BD3741C2BF00246E,Ceratophysella granulata,Hypogastruridae,6494,5,medline|plazi|pmc,0,3048909794415CAFAF7712BC8C024C10,0,,
CE2487CB025EFD34B2D8FC9A0CBEF946,Semicerura goryshini,Isotomidae,3301,1,plazi,1,,0,,
FB3F87CFF07AD93F465EF293DDA30D94,Tomocerus vulgaris,Onychiuridae,3390,8,plazi,0,03E5878DFFC6FFA3FFAEFE8983B5FBBF,0,,
03E8BE58FFCBAC584F2EFAD0FB98F884,Cephalachorutes judithae,Neanuridae,3826,2,plazi,0,,0,,body_size
4D2B7E2EFFBAED704ED4FD96FAFF32B1,Arrhopalites persicus,Arrhopalitidae,9554,3,medline|plazi,1,,0,,
720BFC4CFFEFFF9EFC35FA9D1C2CACC6,Lepidonella flava,Paronellidae,5368,2,plazi,0,,0,,body_size
03C4C50EFFE3B12DFEEE1B31CEA4BD6B,Tomocerus nabanensis,Tomoceridae,4024,4,medline|plazi|pmc,0,03F087A17A041059FF5CAE4AFE73F814,0,,
AA5587BF5C3BFFBFFF22FF52FC9660C1,Tullbergia nearctica,Tullbergiidae,6848,3,medline|plazi,1,AA5587BF5C3EFFB3FF22F8E3FC6C6694,0,,
052C87EDFFFF8033FF15EC40FBCFF626,Temeritas andreazzei,Sminthuridae,10139,2,plazi,1,052C87EDFFF58036FF15EA8EFD46F55E,0,,
03EF9B26975EFFB6FF0821DBF86CFE40,Megalothorax bokovae,Neelidae,6750,4,medline|plazi|pmc,0,42407740|752287812A46F97D2EFB89A7FB79AD3F,0,,
038387D91F6EFFCAFF3EF882D17CFE32,Microtyphlus charon,Entomobryidae,8129,1,plazi,1,,1,,
50498604A36F60A8888D285031149530,Ceratophysella skarzynskii,Hypogastruridae,5347,3,plazi|pmc,1,PMC6374354,0,,
504F2D6CFFD6FF9997BEF523FA9C1864,Gnathisotoma spinolabris,Isotomidae,5000,4,plazi,1,504F2D6CFFD4FF8497BEF264FD3418A1,0,,
DC6DDF7FFFF7FFD1FF212D72FA9B7839,Anodontophora tuvensis,Onychiuridae,2601,3,plazi|pmc,1,,0,,
411D87ECFF83FF92FE55FA31FB254023,Proisotoma communis,Neanuridae,19027,3,medline|plazi|pmc,1,,0,,
03C387C2FFF0FFD1FE9C445BAC4A3566,Arrhopalites papaveroi,Arrhopalitidae,1739,1,plazi,0,,0,,body_size
03A11218FFF7183BFF3DFD66E260FC1D,Sturmius panamaensis,Paronellidae,8799,1,plazi,1,,0,,
03CA87C3FF94B019FF38FF5EFC7D2213,Tomocerus sikkimensis,Tomoceridae,3877,1,plazi,1,,0,,
03B67609FFDDFFB5FC0820BEA9FBE065,Odontellina deharvengi,Tullbergiidae,1990,1,plazi,0,,0,,body_size
757DC0B62D0F5A1CB6B1B932CA82D324,Szeptyckitheca andrzeji,Sminthuridae,11729,2,plazi,1,46DFCD2D865855A98AF9A099BACD77B8,0,,
DEA8E63A4481B322F5E78861E67246F4,Spinaethorax tonoius,Neelidae,3442,1,plazi,1,,0,,
7B6687A7FFB5FFE9FF12D089FC2CF8B9,Lepidocyrtinus iegoi,Entomobryidae,25109,1,plazi,1,,0,,
03EE87B8FFBB8E1A01F8FA4AAF47FAFE,Paraxenylla sooretamensis,Hypogastruridae,7013,1,plazi,1,,0,,
5E2D9E05FF8CFFD1FF50F8CDFBFB7D66,Subisotoma quadrisensillata,Isotomidae,4643,2,plazi,1,,0,,
8DBF8D552B10F5BBBF0CE2840FE09272,Protaphorura jernika,Onychiuridae,5740,7,plazi|pmc,1,PMC5102424|12A79D7B47F0CD364C09CC3496325321|45315A4349CDDF87A35B5E3C545369E7|1C7BD857700CE7C8B62779244AD570C3|E41090E1B292CF536F85E48C1140B874|6037673DD320475F7DB73D904A4D5CAB,0,,
47F8848E436C94685D29667105751ECF,Lobellina fusa,Neanuridae,4108,2,plazi|pmc,1,,0,,
03A12C184329C143CC831D89B60BFF06,Pygmarrhopalites pygmaeus,Arrhopalitidae,2663,4,plazi,0,03DE1A5CFFC84F3F2EE87553DB574E02,0,,
03F17166D01AEE0AFF15FD05FBE7FB8E,Campylothorax sabanus,Paronellidae,12879,5,medline|plazi|pmc,0,03EF87CBFFF0FFE7C0EE8A06FC01FCA4,0,,
DB28A21D9211FF83FF18F99EFBA7F967,Plutomurus danialensis,Tomoceridae,4763,3,plazi|pmc,1,DB28A21D9214FF8EFF18FBD2FC9FFEE8,0,,
03A88104FFA97B5FA59CF8C4F4D3ACC9,Paratullbergia qilianensis,Tullbergiidae,1831,4,medline|plazi|pmc,1,03A88104FFAE7B58A59CF8C4F2BCAD1A,0,,
03A087CB1A61FFA3FF6CFA80FF52FB79,Katianna coeruleocephala,Sminthuridae,5118,2,medline|plazi,1,,0,,
2E83A022218F41A1B42AD40A83959932,Lepidocyrtus nigrosetosus,Entomobryidae,8396,9,plazi|pmc,1,726A1006077589C2E7CCDD15CBBECFA3|60FFD8E79F376AE01810E81CA4A96E7D|0C92AD2CF23BFC0A7D646A84597040CF,0,,
977387A9FFA5FFEEFE79FE5BFDF0FC8B,Reliquantha eocena,Hypogastruridae,12577,2,plazi,1,,0,,
03D987A7C14300604ED9FE00FDE8FD1A,Paracerura pindorama,Isotomidae,5197,1,plazi,1,,0,,
A2745411FFC5C106C9A5F9027B06884E,Pilonychiurus delhezi,Onychiuridae,1970,1,plazi,1,,0,,
391C87D9FFC1FFBAC1CDF920FBB7FDEE,Sernatropiella malkini,Neanuridae,1814,4,medline|plazi|pmc,1,,0,,
03C387C2FFEEFFC1FE9C4196A8073356,Arrhopalites paranaensis,Arrhopalitidae,2338,1,plazi,1,,0,,
3A3EDDE5B35FDFE4D96C04EEC47D4051,Pseudosinella stewartpecki,Paronellidae,5174,7,plazi|pmc,1,59F45B4544DE4612B32BC2F9AFF60C4C|395A724C8BD8825537DD3A564F043BF0|9E276A82CBE0E3BA9916BC91AD607AE8|60FFD8E79F376AE01810E81CA4A96E7D|0C92AD2CF23BFC0A7D646A84597040CF,0,,
03C4C50EFFE0B12DFEDC1F63CBDBBD54,Tomocerus nan,Tomoceridae,2588,4,medline|plazi|pmc,0,03F087A17A061056FF5CADF2FD5FFD37,0,,
AA5587BF5C2DFFA0FF22FCD0FC166374,Ameritulla clavata,Tullbergiidae,6919,5,medline|plazi,1,AA5587BF5C23FFB7FF22F9F2FC5267A9|AA5587BF5C24FFAAFF22FB0EFE7664AC,0,,
E774878D7B17610FFF06FBB4D01FFCF7,Disparrhopalites naasaveqw,Sminthuridae,10679,2,plazi,1,,0,,
03B787B68B5EBF6BB9FAFB89FD2BFDCB,Coecobrya satasookea,Entomobryidae,11370,2,plazi|pmc,1,,0,,
985F87902F4BFFD597BEFC4ADD6735B1,Hypogastrura gami,Hypogastruridae,3562,2,medline|plazi,1,,0,,
03D187C2D43C1644FE23FC0FFECBC676,Micrisotoma achromata,Isotomidae,4244,2,plazi,0,,0,,body_size
AF5487D7E50D3A35FF1FFA0EC7BBFC60,Leeonychiurus polychaetosus,Onychiuridae,5118,1,plazi,1,,0,,
03E2E70DFFB3FFCBFF63FE18715CFA5E,Palmanura normae,Neanuridae,2757,2,plazi,1,,0,,
03A12C184323C154CC8318BAB307FA22,Pygmarrhopalites plethorasari,Arrhopalitidae,3025,1,plazi,0,,0,,body_size
03DF090CFFE9FFF113558B34FBBEF96F,Salina maculiflora,Paronellidae,7951,1,plazi,1,,0,,
03F8F965B332F03550BDFC18FAAD9163,Pogonognathellus magnibrunneus,Tomoceridae,3438,1,plazi,1,,0,,
AA5587BF5C24FFAAFF22FB0EFE7664AC,Mixturatulla ozwini,Tullbergiidae,7512,4,medline|plazi,1,AA5587BF5C24FFADFF22FEBAFC216532|AA5587BF5C2DFFA0FF22FCD0FC166374,0,,
4444F169FFAB5E322DB3FF35FCC2FBE7,Keratosminthurus calamitosus,Sminthuridae,9852,1,plazi,1,,0,,
03CC5E1CFFC0B90110A0F9C9FE851F13,Pseudotremia fulgida,Entomobryidae,1887,1,plazi,0,,0,,body_size
985F87902F4AFFD097BEF992DAB73231,Hypogastrura gravesi,Hypogastruridae,6130,1,plazi,1,,0,,
03DB87D28827FF8ED6B0A40EFB9237FC,Paracerura serrana,Isotomidae,6350,1,plazi,1,,0,,
03AD87F2FFE5934A5CD7FD1DE85CFDFF,Psyllaphorura jiangsuensis,Onychiuridae,4383,1,plazi,1,,0,,
1D10480A3B42DC154EAD392786DCDCBB,Vitronura paraacuta,Neanuridae,3039,3,plazi|pmc,1,,0,,
03C387C2FFF0FFD5FE9C433BA98732F6,Arrhopalites gnaspinii,Arrhopalitidae,4833,1,plazi,0,,0,,body_size
03CA4F671E351F6C907DFD99E3DFF850,Lepidonella zeppelinii,Paronellidae,10751,3,plazi,1,,0,,
03DEBC14AA6C4C4127CB4466E42D2761,Tomocerus similis,Tomoceridae,6609,7,medline|plazi|pmc,1,CFDEFF1339251149C64196287E16F253|03AEA13AFF77672FFF1AFBDCFC6AFE37,0,,
6B02879DB90B6648F4B5FF2BFBB4FAB5,Psammophorura neocaledonica,Tullbergiidae,5247,5,plazi,1,,0,,
79355B19BB4B59719ACC97F04889F5B8,Szeptyckitheca boneti,Sminthuridae,1740,2,plazi,0,,0,,body_size
7128035A71957D1DBC771C4D89EBE124,Entomobrya quadrilineata,Entomobryidae,5951,8,medline|plazi|pmc,0,,0,,body_size
985F87902F5BFFC797BEFDC4D9793595,Triacanthella copelandi,Hypogastruridae,6520,3,plazi,1,F72D49895E9ED412B7CC41B79706285A,0,,
BE0787D3FF93E645FF49FF64FF1F3F72,Tetracanthella dorsoduplex,Isotomidae,4748,1,plazi,1,,0,,
039F2F46FFEEFFBFFC783D8CFB627A61,Thalassaphorura sichuanensis,Onychiuridae,4512,1,plazi,1,,0,,
1D10480A3B47DC194EAD3E2E871CDDEC,Vitronura ciliata,Neanuridae,4744,1,plazi,1,,0,,
03EDEE28521F6F51FE9EF934FD1725AA,Arrhopalites minutus,Arrhopalitidae,1579,1,plazi,0,,0,,body_size
968D35C3CEA4523DA92BB62CC63F4ED0,Ochyrocera ritxoo,Paronellidae,5383,1,plazi,1,,0,,
496BD62B7124F10BFD843DF5FDB69B8E,Tomocerina annamitica,Tomoceridae,7133,3,plazi|pmc,1,,0,,
F6E7511F9E040738226BE045950A75C3,Mesaphorura yosii,Tullbergiidae,1620,24,medline|plazi|pmc,0,37044510|03A88104FFAE7B58A59CF8C4F2BCAD1A|AA5587BF5C2DFFA0FF22FCD0FC166374,0,,
C55B3707FFCBFF88FF21F9E99FA8FD69,Anillinus uwharrie,Sminthuridae,7095,1,plazi,1,,1,,
4FE7FB7679865ABAB75606F44AE07506,Ochyrocera ritxoco,Entomobryidae,7148,4,medline|plazi|pmc,1,A61E512E4B5051768CAE379F0E376DED,0,,
EC6387A4FFEA3733FF62A674FAC3FE6A,Hypogastrura serrata,Hypogastruridae,3649,4,plazi,0,EC6387A4FFEB3733FCDFA39EFEB7F7E2,0,,
7B29CC6AFFB2FFD1FBCD0DAAAC96F951,Isotomiella louisi,Isotomidae,8640,1,plazi,1,,0,,
761E3C0C5E5B9022FF78FD8EFAF4FE54,Thalassaphorura pomorskii,Onychiuridae,4545,2,plazi|pmc,1,,0,,
E67919061A74EB44FF5CD8B9F0B2FB72,Furculanurida tropicalia,Neanuridae,3595,1,plazi,1,,0,,
03C387C2FFECFFCFFE9C4086AC5C3446,Arrhopalites botuveraensis,Arrhopalitidae,2248,1,plazi,1,,0,,
395A724C8BD8825537DD3A564F043BF0,Pseudosinella intermixta,Paronellidae,2089,5,plazi|pmc,1,59F45B4544DE4612B32BC2F9AFF60C4C|3A3EDDE5B35FDFE4D96C04EEC47D4051|9E276A82CBE0E3BA9916BC91AD607AE8,0,,
03AEA13AFF77672FFF1AFBDCFC6AFE37,Tomocerus caecus,Tomoceridae,9680,6,medline|plazi|pmc,1,CFDEFF1339251149C64196287E16F253,0,,
48178787FFDC9F54FEDDFA56864343DC,Delamarephorura capensis,Tullbergiidae,3977,2,plazi,1,635CDAF4A788D35ED832B7A5DDFC6306,0,,
80631E6BB6245BB9B30FF501B748A505,Szeptyckitheca koreana,Sminthuridae,2589,1,plazi,0,,0,,body_size
062ED1E3E1445A75B5F09CFD99785D66,Coecobrya troglobia,Entomobryidae,10510,2,plazi,1,325D53A459D557AD87ADE877D107A040,0,,
03B7E33CCC53F158FF283FB8218AFA50,Orogastrura parva,Hypogastruridae,2561,2,plazi,0,4F034B6EFFBE3573D916FAED3C8FFA65,0,,
03D2AD21BD26A73086CEFA3463DA8790,Halisotoma boneti,Isotomidae,2764,3,plazi|pmc,1,,0,,
5A17B4271CF8E17D0A93F33FB2030312,Oligaphorura aborigensis,Onychiuridae,1940,4,plazi|pmc,0,A202E58DDDB044CBEFC92CF1ABBD6371,0,,
03E2E70DFFB5FFCBFF63FE88775FFEA1,Palmanura axelretanai,Neanuridae,2998,1,plazi,1,,0,,
03C387C2FFFFFFDFFE9C4793AF09376D,Arrhopalites christianseni,Arrhopalitidae,2062,1,plazi,0,,0,,body_size
03F17166D00EEE1AFE06FEE6FC95FE5D,Campylothorax cubanus,Paronellidae,4453,1,plazi,1,,0,,
B0158799FFB2FFFECCADFA0EFA93FC5B,Tomocerus qixiaensis,Tomoceridae,6662,2,medline|plazi,1,,0,,
03A88104FFA47B52A59CF8C4F44EA8BF,Wankeliella intermedia,Tullbergiidae,4152,4,medline|plazi|pmc,1,03A88104FFAE7B58A59CF8C4F2BCAD1A,0,,
8B9674074577515B8C9C5491D17ACFE7,Szeptyckitheca machadoi,Sminthuridae,1935,1,plazi,0,,0,,body_size
03A8146EFFA5FF742B9CFA11FCF55D68,Willowsia jacobsoni,Entomobryidae,18219,9,medline|plazi|pmc,1,6C5787D6FFBBB46D6DFA6D69FDF40181,0,,
033487C7DA4EFFADFF076D34DD5D7FE9,Hypogastrura distincta,Hypogastruridae,1768,3,plazi,0,,0,,body_size
