qid,docid,taxon,family,question_type,question,gold_answer,gold_guilds,gold_context,answer_offset,text_length,treatment_title,article_title,doi,treatment_uri,n_docs_with_binomial,curation_note
N001,03C387C2FFF4FFD5FE9C47B6A9CF3619,Arrhopalites amorimi,Arrhopalitidae,body_size,What is the body length of Arrhopalites amorimi?,NOT_DOCUMENTED,,,,1758,Arrhopalites amorimi Palacios-Vargas & Zeppelini 1995,"The genus Arrhopalites Börner, 1906 (Collembola, Appendiciphora, Arrhopalitidae) in the Neotropical Region, with description of four new cave species from Brazil",10.5281/zenodo.171788,http://treatment.plazi.org/id/03C387C2FFF4FFD5FE9C47B6A9CF3619,1,automatic rule (make_negatives.py); pending specialist review
N002,03C387C2FFFFFFDFFE9C4793AF09376D,Arrhopalites christianseni,Arrhopalitidae,body_size,What is the body length of Arrhopalites christianseni?,NOT_DOCUMENTED,,,,2062,"Arrhopalites christianseni Zeppelini, 2006, n. comb.","The genus Arrhopalites Börner, 1906 (Collembola, Appendiciphora, Arrhopalitidae) in the Neotropical Region, with description of four new cave species from Brazil",10.5281/zenodo.171788,http://treatment.plazi.org/id/03C387C2FFFFFFDFFE9C4793AF09376D,1,automatic rule (make_negatives.py); pending specialist review
N003,03C387C2FFF0FFD5FE9C433BA98732F6,Arrhopalites gnaspinii,Arrhopalitidae,body_size,What is the body length of Arrhopalites gnaspinii?,NOT_DOCUMENTED,,,,4833,Arrhopalites gnaspinii Palacios-Vargas & Zeppelini 1995,"The genus Arrhopalites Börner, 1906 (Collembola, Appendiciphora, Arrhopalitidae) in the Neotropical Region, with description of four new cave species from Brazil",10.5281/zenodo.171788,http://treatment.plazi.org/id/03C387C2FFF0FFD5FE9C433BA98732F6,1,automatic rule (make_negatives.py); pending specialist review
N004,03EDEE28521F6F52FE9EFCC1FD2420E5,Arrhopalites japonicus,Arrhopalitidae,body_size,What is the body length of Arrhopalites japonicus?,NOT_DOCUMENTED,,,,1646,Arrhopalites japonicus Yosii 1956,"The genus Arrhopalites (Collembola, Arrhopalitidae) in Asia, with the description of two new Japanese species of Yosiis collection",10.11646/zootaxa.430.1.1,http://treatment.plazi.org/id/03EDEE28521F6F52FE9EFCC1FD2420E5,1,automatic rule (make_negatives.py); pending specialist review
N005,03EDEE28521F6F51FE9EF934FD1725AA,Arrhopalites minutus,Arrhopalitidae,body_size,What is the body length of Arrhopalites minutus?,NOT_DOCUMENTED,,,,1579,Arrhopalites minutus Yosii 1970,"The genus Arrhopalites (Collembola, Arrhopalitidae) in Asia, with the description of two new Japanese species of Yosiis collection",10.11646/zootaxa.430.1.1,http://treatment.plazi.org/id/03EDEE28521F6F51FE9EF934FD1725AA,1,automatic rule (make_negatives.py); pending specialist review
N006,03C387C2FFF0FFD1FE9C445BAC4A3566,Arrhopalites papaveroi,Arrhopalitidae,body_size,What is the body length of Arrhopalites papaveroi?,NOT_DOCUMENTED,,,,1739,"Arrhopalites papaveroi Zeppelini, 2006, n.comb.","The genus Arrhopalites Börner, 1906 (Collembola, Appendiciphora, Arrhopalitidae) in the Neotropical Region, with description of four new cave species from Brazil",10.5281/zenodo.171788,http://treatment.plazi.org/id/03C387C2FFF0FFD1FE9C445BAC4A3566,1,automatic rule (make_negatives.py); pending specialist review
N007,03C387C2FFFCFFDEFE9C4061A9D5321E,Arrhopalites wallacei,Arrhopalitidae,body_size,What is the body length of Arrhopalites wallacei?,NOT_DOCUMENTED,,,,1555,"Arrhopalites wallacei Zeppelini, 2006, n. comb.","The genus Arrhopalites Börner, 1906 (Collembola, Appendiciphora, Arrhopalitidae) in the Neotropical Region, with description of four new cave species from Brazil",10.5281/zenodo.171788,http://treatment.plazi.org/id/03C387C2FFFCFFDEFE9C4061A9D5321E,1,automatic rule (make_negatives.py); pending specialist review
N008,03E8BE58FFCBAC584F2EFAD0FB98F884,Cephalachorutes judithae,Neanuridae,body_size,What is the body length of Cephalachorutes judithae?,NOT_DOCUMENTED,,,,3826,"Cephalachorutes judithae Shveenkova 2017, n. sp.","New Collembolan species of the genera Sensiphorura Rusek, 1976 (Pachytullbergiidae) and Cephalachorutes Bedos & Deharveng, 1991 (Neanuridae) from Southern Vietnam",10.5252/z2017n1a9,http://treatment.plazi.org/id/03E8BE58FFCBAC584F2EFAD0FB98F884,2,automatic rule (make_negatives.py); pending specialist review
N009,03B7878BD918E339CFE654E8213ED7BD,Coecobrya tenebricosa,Oncopoduridae,body_size,What is the body length of Coecobrya tenebricosa?,NOT_DOCUMENTED,,,,3684,Coecobrya tenebricosa Folsom 1902,"Collembola of the Campanet cave (Mallorca, Balearic Islands), with descriptions of new species of Pseudosinella (Entomobryidae) and Oncopodura (Oncopoduridae)",10.11646/zootaxa.4532.1.2,http://treatment.plazi.org/id/03B7878BD918E339CFE654E8213ED7BD,9,automatic rule (make_negatives.py); pending specialist review
N010,03B7878BD919E339CFE6555F205CD2A3,Disparrhopalites patrizi,Oncopoduridae,body_size,What is the body length of Disparrhopalites patrizi?,NOT_DOCUMENTED,,,,1587,Disparrhopalites patrizi Cassagnau & Delamare-Deboutteville 1953,"Collembola of the Campanet cave (Mallorca, Balearic Islands), with descriptions of new species of Pseudosinella (Entomobryidae) and Oncopodura (Oncopoduridae)",10.11646/zootaxa.4532.1.2,http://treatment.plazi.org/id/03B7878BD919E339CFE6555F205CD2A3,3,automatic rule (make_negatives.py); pending specialist review
N011,7128035A71957D1DBC771C4D89EBE124,Entomobrya quadrilineata,Entomobryidae,body_size,What is the body length of Entomobrya quadrilineata?,NOT_DOCUMENTED,,,,5951,Entomobrya quadrilineata Bueker 1939,"Taxonomic review and phylogenetic analysis of fifteen North American Entomobrya (Collembola, Entomobryidae), including four new species",http://dx.doi.org/10.3897/zookeys.525.6020,http://treatment.plazi.org/id/7128035A71957D1DBC771C4D89EBE124,8,automatic rule (make_negatives.py); pending specialist review
N012,033487C7DA4EFFADFF076D34DD5D7FE9,Hypogastrura distincta,Hypogastruridae,body_size,What is the body length of Hypogastrura distincta?,NOT_DOCUMENTED,,,,1768,Hypogastrura distincta Axelson 1902,A new species and a new species record of Hypogastrura (Collembola: Hypogastruridae) from China,10.5281/zenodo.183316,http://treatment.plazi.org/id/033487C7DA4EFFADFF076D34DD5D7FE9,3,automatic rule (make_negatives.py); pending specialist review
N013,03FB2749FFAE6638B08F629DFA2DFC81,Hypogastrura trybomi,Hypogastruridae,body_size,What is the body length of Hypogastrura trybomi?,NOT_DOCUMENTED,,,,2861,Hypogastrura trybomi,"Two new Hypogastrura species (Hypogastruridae, Collembola) from China",10.11646/zootaxa.2542.1.4,http://treatment.plazi.org/id/03FB2749FFAE6638B08F629DFA2DFC81,2,automatic rule (make_negatives.py); pending specialist review
N014,720BFC4CFFEFFF9EFC35FA9D1C2CACC6,Lepidonella flava,Paronellidae,body_size,What is the body length of Lepidonella flava?,NOT_DOCUMENTED,,,,5368,Lepidonella flava,"Annotated checklist of Afrotropical Trogolaphysa Mills, 1938 (Hexapoda: Collembola: Paronellidae) and description of a new species from Madagascar",10.5252/zoosystema2018v40a10,http://treatment.plazi.org/id/720BFC4CFFEFFF9EFC35FA9D1C2CACC6,2,automatic rule (make_negatives.py); pending specialist review
N015,03D187C2D43C1644FE23FC0FFECBC676,Micrisotoma achromata,Isotomidae,body_size,What is the body length of Micrisotoma achromata?,NOT_DOCUMENTED,,,,4244,"Micrisotoma achromata Bellinger 1952, sp. nov.",About some unusual Asiatic taxa of Isotomidae (Collembola),10.1080/00222933.2014.908971,http://treatment.plazi.org/id/03D187C2D43C1644FE23FC0FFECBC676,2,automatic rule (make_negatives.py); pending specialist review
N016,03B67609FFDDFFB5FC0820BEA9FBE065,Odontellina deharvengi,Tullbergiidae,body_size,What is the body length of Odontellina deharvengi?,NOT_DOCUMENTED,,,,1990,Odontellina deharvengi Barra 1995,"Les Collemboles des sables littoraux de la côte Ouest de Madagascar, plus spécialement ceux d’une plage de Mahajanga",10.15298/rusentj.29.1.01,http://treatment.plazi.org/id/03B67609FFDDFFB5FC0820BEA9FBE065,1,automatic rule (make_negatives.py); pending specialist review
N017,FB3F87CFF075D931465EF291DD850B5E,Pachyotoma caucasica,Tomoceridae,body_size,What is the body length of Pachyotoma caucasica?,NOT_DOCUMENTED,,,,2514,Pachyotoma caucasica,New records of springtail fauna (Hexapoda: Collembola: Entomobryomorpha) from Ordu Province in Turkey,10.3906/zoo-1509-28,http://treatment.plazi.org/id/FB3F87CFF075D931465EF291DD850B5E,2,automatic rule (make_negatives.py); pending specialist review
N018,03CC5E1CFFC0B90110A0F9C9FE851F13,Pseudotremia fulgida,Entomobryidae,body_size,What is the body length of Pseudotremia fulgida?,NOT_DOCUMENTED,,,,1887,Pseudotremia fulgida Loomis,"Cave millipeds of the United States. VII. New species and records of the genus Pseudotremia Cope. I. Species from West Virginia, USA (Diplopoda, Chordeumatida, Cleidogonidae)",10.5281/zenodo.182004,http://treatment.plazi.org/id/03CC5E1CFFC0B90110A0F9C9FE851F13,1,automatic rule (make_negatives.py); pending specialist review
N019,03A12C184323C154CC8318BAB307FA22,Pygmarrhopalites plethorasari,Arrhopalitidae,body_size,What is the body length of Pygmarrhopalites plethorasari?,NOT_DOCUMENTED,,,,3025,"Pygmarrhopalites plethorasari Zeppelini, Taylor & Slay, 2009, sp. nov.","Cave Pygmarrhopalites Vargovitsh, 2009 (Collembola, Symphypleona, Arrhopalitidae) in United States",10.5281/zenodo.189689,http://treatment.plazi.org/id/03A12C184323C154CC8318BAB307FA22,1,automatic rule (make_negatives.py); pending specialist review
N020,03C287A9FFE7FFB0D5C0FEC55545FCAB,Seira paraibensis,Entomobryidae,body_size,What is the body length of Seira paraibensis?,NOT_DOCUMENTED,,,,6621,Seira paraibensis Bellini & Zeppelini 2009,Two new species and two detailed chaetotaxy descriptions of Seira (Collembola: Entomobryidae) from Brazil,10.11646/zootaxa.3972.2.4,http://treatment.plazi.org/id/03C287A9FFE7FFB0D5C0FEC55545FCAB,1,automatic rule (make_negatives.py); pending specialist review
N021,DF2C163D4D01574D8B01C1A1B5819C94,Szeptyckitheca bellingeri,Sminthuridae,body_size,What is the body length of Szeptyckitheca bellingeri?,NOT_DOCUMENTED,,,,1882,Szeptyckitheca bellingeri,"Revisiting Szeptyckitheca Betsch & Weiner (Collembola, Symphypleona, Sminthuridae): new species, updated diagnoses, and a key",http://dx.doi.org/10.3897/zookeys.1186.111837,http://treatment.plazi.org/id/DF2C163D4D01574D8B01C1A1B5819C94,1,automatic rule (make_negatives.py); pending specialist review
N022,79355B19BB4B59719ACC97F04889F5B8,Szeptyckitheca boneti,Sminthuridae,body_size,What is the body length of Szeptyckitheca boneti?,NOT_DOCUMENTED,,,,1740,Szeptyckitheca boneti,"Revisiting Szeptyckitheca Betsch & Weiner (Collembola, Symphypleona, Sminthuridae): new species, updated diagnoses, and a key",http://dx.doi.org/10.3897/zookeys.1186.111837,http://treatment.plazi.org/id/79355B19BB4B59719ACC97F04889F5B8,2,automatic rule (make_negatives.py); pending specialist review
N023,DAF87AE6B382546FBA8062CCD4AE2217,Szeptyckitheca karlarum,Sminthuridae,body_size,What is the body length of Szeptyckitheca karlarum?,NOT_DOCUMENTED,,,,2086,"Szeptyckitheca karlarum Bellini & Oliveira & Weiner & Nunes & Medeiros 2023, comb. nov.","Revisiting Szeptyckitheca Betsch & Weiner (Collembola, Symphypleona, Sminthuridae): new species, updated diagnoses, and a key",http://dx.doi.org/10.3897/zookeys.1186.111837,http://treatment.plazi.org/id/DAF87AE6B382546FBA8062CCD4AE2217,1,automatic rule (make_negatives.py); pending specialist review
N024,80631E6BB6245BB9B30FF501B748A505,Szeptyckitheca koreana,Sminthuridae,body_size,What is the body length of Szeptyckitheca koreana?,NOT_DOCUMENTED,,,,2589,"Szeptyckitheca koreana Bellini & Oliveira & Weiner & Nunes & Medeiros 2023, comb. nov.","Revisiting Szeptyckitheca Betsch & Weiner (Collembola, Symphypleona, Sminthuridae): new species, updated diagnoses, and a key",http://dx.doi.org/10.3897/zookeys.1186.111837,http://treatment.plazi.org/id/80631E6BB6245BB9B30FF501B748A505,1,automatic rule (make_negatives.py); pending specialist review
N025,8B9674074577515B8C9C5491D17ACFE7,Szeptyckitheca machadoi,Sminthuridae,body_size,What is the body length of Szeptyckitheca machadoi?,NOT_DOCUMENTED,,,,1935,Szeptyckitheca machadoi,"Revisiting Szeptyckitheca Betsch & Weiner (Collembola, Symphypleona, Sminthuridae): new species, updated diagnoses, and a key",http://dx.doi.org/10.3897/zookeys.1186.111837,http://treatment.plazi.org/id/8B9674074577515B8C9C5491D17ACFE7,1,automatic rule (make_negatives.py); pending specialist review
N026,582EBBB3A161501DB9F1CBD0BAFBB127,Szeptyckitheca peteri,Sminthuridae,body_size,What is the body length of Szeptyckitheca peteri?,NOT_DOCUMENTED,,,,1855,"Szeptyckitheca peteri Bellini & Oliveira & Weiner & Nunes & Medeiros 2023, comb. nov.","Revisiting Szeptyckitheca Betsch & Weiner (Collembola, Symphypleona, Sminthuridae): new species, updated diagnoses, and a key",http://dx.doi.org/10.3897/zookeys.1186.111837,http://treatment.plazi.org/id/582EBBB3A161501DB9F1CBD0BAFBB127,1,automatic rule (make_negatives.py); pending specialist review
N027,99663B62A1735E6BAF95B11B72584C2A,Szeptyckitheca santiagoi,Sminthuridae,body_size,What is the body length of Szeptyckitheca santiagoi?,NOT_DOCUMENTED,,,,1977,Szeptyckitheca santiagoi,"Revisiting Szeptyckitheca Betsch & Weiner (Collembola, Symphypleona, Sminthuridae): new species, updated diagnoses, and a key",http://dx.doi.org/10.3897/zookeys.1186.111837,http://treatment.plazi.org/id/99663B62A1735E6BAF95B11B72584C2A,1,automatic rule (make_negatives.py); pending specialist review
N028,A43C8798369754A28057911EAA3D08A7,Szeptyckitheca vanderdrifti,Sminthuridae,body_size,What is the body length of Szeptyckitheca vanderdrifti?,NOT_DOCUMENTED,,,,1511,Szeptyckitheca vanderdrifti,"Revisiting Szeptyckitheca Betsch & Weiner (Collembola, Symphypleona, Sminthuridae): new species, updated diagnoses, and a key",http://dx.doi.org/10.3897/zookeys.1186.111837,http://treatment.plazi.org/id/A43C8798369754A28057911EAA3D08A7,1,automatic rule (make_negatives.py); pending specialist review
N029,720BFC4CFFE5FF89FCFEFA7C1D09AC47,Trogolaphysa fuelleborni,Paronellidae,body_size,What is the body length of Trogolaphysa fuelleborni?,NOT_DOCUMENTED,,,,3271,"Trogolaphysa fuelleborni Nguyen & Soto-Adames 2018, n. comb.","Annotated checklist of Afrotropical Trogolaphysa Mills, 1938 (Hexapoda: Collembola: Paronellidae) and description of a new species from Madagascar",10.5252/zoosystema2018v40a10,http://treatment.plazi.org/id/720BFC4CFFE5FF89FCFEFA7C1D09AC47,1,automatic rule (make_negatives.py); pending specialist review
N030,03E38790FFD6930CFF0B3E49D9835A88,Vertagopus cinereus,Isotomidae,body_size,What is the body length of Vertagopus cinereus?,NOT_DOCUMENTED,,,,1878,"Vertagopus cinereus, sensu stricto","Vertagopus (Collembola, Isotomidae) of Iran and Caucasus",10.11646/zootaxa.4786.4.9,http://treatment.plazi.org/id/03E38790FFD6930CFF0B3E49D9835A88,4,automatic rule (make_negatives.py); pending specialist review
N031,039D131BFFF9FB301E8EF929FBF8B3BE,Borgesminthurinus andinus,Katiannidae,trophic_guild,What does Borgesminthurinus andinus feed on?,NOT_DOCUMENTED,,,,5237,"Borgesminthurinus andinus Palacios-Vargas & Vacaflores-Argandoña 2020, gen. nov., sp. nov.",A new genus and species of Katiannidae (Collembola: Symphypleona) from Bolivia,10.11646/zootaxa.4819.2.1,http://treatment.plazi.org/id/039D131BFFF9FB301E8EF929FBF8B3BE,1,automatic rule (make_negatives.py); pending specialist review
N032,C2C10B38AC375B2982BE4D52133532B3,Coenaletes colombianus,Coenaletidae,trophic_guild,What does Coenaletes colombianus feed on?,NOT_DOCUMENTED,,,,6963,"Coenaletes colombianus Palacios-Vargas, Arango & Ojeda 2026, sp. nov.","One new obligate commensal species of Coenaletes (Collembola, Coenaletidae) from the hermit crab Coenobita compressus (Crustacea, Coenobitidae) from Colombia",10.3897/zookeys.1293.206618,http://treatment.plazi.org/id/C2C10B38AC375B2982BE4D52133532B3,1,automatic rule (make_negatives.py); pending specialist review
N033,18944DB37B50E010A48EF7BB730BAFD6,Cosberella mendozarum,Hypogastruridae,trophic_guild,What does Cosberella mendozarum feed on?,NOT_DOCUMENTED,,,,6495,"Cosberella mendozarum Palacios-Vargas & Castano-Meneses, 2019, sp. n.","First Mexican species of the genus Cosberella (Collembola, Hypogastruridae)",http://dx.doi.org/10.3897/zookeys.829.26730,http://treatment.plazi.org/id/18944DB37B50E010A48EF7BB730BAFD6,1,automatic rule (make_negatives.py); pending specialist review
N034,48178787FFDA9F56FECBFA0D84F24521,Delamarephorura tami,Tullbergiidae,trophic_guild,What does Delamarephorura tami feed on?,NOT_DOCUMENTED,,,,3847,"Delamarephorura tami Janion & Deharveng & Weiner 2013, new species","Synonymy Of Spicatella Thibaud, 2002 With Delamarephorura Weiner & Najt, 1999, And Description Of Two New Species (Collembola: Tullbergiidae)",10.5281/zenodo.5352692,http://treatment.plazi.org/id/48178787FFDA9F56FECBFA0D84F24521,2,automatic rule (make_negatives.py); pending specialist review
N035,03E0BD5B6053FFACFF2CFE81FB8CFCA2,Denisiella rhizophorae,Sminthurididae,trophic_guild,What does Denisiella rhizophorae feed on?,NOT_DOCUMENTED,,,,6393,"Denisiella rhizophorae Palacios-Vargas & Ferreira & Zeppelini 2018, sp. nov.","Redefinition of Denisiella Folsom & Mills, 1938 (Collembola: Sminthurididae) with description of three new species from Brazil",10.11646/zootaxa.4434.1.7,http://treatment.plazi.org/id/03E0BD5B6053FFACFF2CFE81FB8CFCA2,2,automatic rule (make_negatives.py); pending specialist review
N036,B14287AAFF9470513E83B315FC1BF8AB,Dicranocentrus dolosus,Orchesellidae,trophic_guild,What does Dicranocentrus dolosus feed on?,NOT_DOCUMENTED,,,,9858,"Dicranocentrus dolosus Bellini & Greenslade & Baquero & Jordana & Souza 2022, sp. nov.","A synthesis of the current knowledge on the Australian Orchesellidae (Collembola, Entomobryoidea)",10.11646/zootaxa.5115.2.3,http://treatment.plazi.org/id/B14287AAFF9470513E83B315FC1BF8AB,3,automatic rule (make_negatives.py); pending specialist review
N037,03C9E776FFD8FFB9BCABFC96A4A9FF72,Endonura asiatica,Neanuridae,trophic_guild,What does Endonura asiatica feed on?,NOT_DOCUMENTED,,,,4681,"Endonura asiatica Smolis, Deharveng & Kaprus’, 2011, sp. nov.","Studies on the non-European Endonura Cassagnau, 1979 (Collembola, Neanuridae, Neanurinae)",10.5281/zenodo.278475,http://treatment.plazi.org/id/03C9E776FFD8FFB9BCABFC96A4A9FF72,1,automatic rule (make_negatives.py); pending specialist review
N038,027087B5A85F785ACCE7FB82FCD7FC75,Entomobrya hirsutothorax,Entomobryidae,trophic_guild,What does Entomobrya hirsutothorax feed on?,NOT_DOCUMENTED,,,,5780,"Entomobrya hirsutothorax Jordana & Baquero 2021, sp. nov.",New species and records of Entomobryidae and Orchesellidae (Collembola) from the East Caucasus (Russia),10.11646/zootaxa.4991.2.2,http://treatment.plazi.org/id/027087B5A85F785ACCE7FB82FCD7FC75,1,automatic rule (make_negatives.py); pending specialist review
N039,81A9ABEC31D5FF9A8804C71F802489FF,Eupolybothrus liburnicus,Tullbergiidae,trophic_guild,What does Eupolybothrus liburnicus feed on?,NOT_DOCUMENTED,,,,13120,"Eupolybothrus liburnicus Akkari, Komericki, Weigand, Edgecombe & Stoev, 2017, sp. n.","A new cave centipede from Croatia, Eupolybothrusliburnicus sp. n., with notes on the subgenus Schizopolybothrus Verhoeff, 1934 (Chilopoda, Lithobiomorpha, Lithobiidae)",http://dx.doi.org/10.3897/zookeys.687.13844,http://treatment.plazi.org/id/81A9ABEC31D5FF9A8804C71F802489FF,5,automatic rule (make_negatives.py); pending specialist review
N040,8C6A711CFFC0B73AD8A8F757D4BFDC5F,Folsomides cariocus,Isotomidae,trophic_guild,What does Folsomides cariocus feed on?,NOT_DOCUMENTED,,,,5285,"Folsomides cariocus Mendonça & Neves 2020, sp. nov.",New Brazilian species of Folsomides Stach (Collembola: Isotomidae),10.11646/zootaxa.4896.3.5,http://treatment.plazi.org/id/8C6A711CFFC0B73AD8A8F757D4BFDC5F,2,automatic rule (make_negatives.py); pending specialist review
N041,03A887B9FFBF2B7AFE98D431FB4FFE6C,Folsomiella albida,Brachystomellidae,trophic_guild,What does Folsomiella albida feed on?,NOT_DOCUMENTED,,,,3242,Folsomiella albida,"Two new species of Folsomiella Bonet and redescription of F. albida (Arlé, 1959) (Collembola, Brachystomellidae)",,http://treatment.plazi.org/id/03A887B9FFBF2B7AFE98D431FB4FFE6C,2,automatic rule (make_negatives.py); pending specialist review
N042,03E003481F0E8C04FEF6017FFAA8FAEF,Hypogastrura crinigera,Hypogastruridae,trophic_guild,What does Hypogastrura crinigera feed on?,NOT_DOCUMENTED,,,,14484,"Hypogastrura crinigera Antipova, 2025, sp.n.","A new species of the springtail genus Hypogastrura (Collembola: Hypogastruridae) from southern Kazakhstan, Middle Asia",10.15298/rusentj.34.1.01,http://treatment.plazi.org/id/03E003481F0E8C04FEF6017FFAA8FAEF,1,automatic rule (make_negatives.py); pending specialist review
N043,0DFE1A6C23E9CF326AA6BA2F7EC63B75,Isotogastrura trichaetosa,Isotogastruridae,trophic_guild,What does Isotogastrura trichaetosa feed on?,NOT_DOCUMENTED,,,,6337,"Isotogastrura trichaetosa Potapov, Bu & Gao, 2011, sp. n.",First record of the littoral family Isotogastruridae (Collembola) in Asia,http://dx.doi.org/10.3897/zookeys.136.1666,http://treatment.plazi.org/id/0DFE1A6C23E9CF326AA6BA2F7EC63B75,3,automatic rule (make_negatives.py); pending specialist review
N044,03FC6644DC452C7AFF79FA446A54FA47,Megalothorax boerneri,Neelidae,trophic_guild,What does Megalothorax boerneri feed on?,NOT_DOCUMENTED,,,,5138,"Megalothorax boerneri Schneider & Panina 2023, sp. nov.","Revision of Megalothorax incertus Börner, 1903 reveals it to be another widespread Palearctic species of the genus (Collembola, Neelidae)",10.11646/zootaxa.5318.4.2,http://treatment.plazi.org/id/03FC6644DC452C7AFF79FA446A54FA47,3,automatic rule (make_negatives.py); pending specialist review
N045,03EF9B26975AFFBCFF0825BFF8CEF87E,Megalothorax perspicillum,Neelidae,trophic_guild,What does Megalothorax perspicillum feed on?,NOT_DOCUMENTED,,,,3363,Megalothorax perspicillum Schneider & D'Haese 2013,Morphogenesis of small springtails species from the genus Megalothorax (Collembola: Neelidae),10.11646/zootaxa.5722.1.5,http://treatment.plazi.org/id/03EF9B26975AFFBCFF0825BFF8CEF87E,8,automatic rule (make_negatives.py); pending specialist review
N046,03F9351AAF56C00D3ADF444FCD97FE14,Metagonia diamantina,Cyphoderidae,trophic_guild,What does Metagonia diamantina feed on?,NOT_DOCUMENTED,,,,3652,"Metagonia diamantina Machado & Ferreira & Brescovit 2011, new species","A new troglomorphic Metagonia Simon 1893 (Araneae, Pholcidae) from Brazil",10.11646/zootaxa.3135.1.4,http://treatment.plazi.org/id/03F9351AAF56C00D3ADF444FCD97FE14,3,automatic rule (make_negatives.py); pending specialist review
N047,5630E96FFFD0FFA804DAF97CFE510B82,Plutomurus jordanai,Tomoceridae,trophic_guild,What does Plutomurus jordanai feed on?,NOT_DOCUMENTED,,,,6711,"Plutomurus jordanai Barjadze & Giordano & Soto-Adames 2020, sp. nov.","Description of a new species of Plutomurus Yosii (Collembola: Tomoceridae) from Georgia, Caucasus and notes on the morphology of Plutomurus birsteini Djanashvili & Barjadze",10.11646/zootaxa.4790.2.11,http://treatment.plazi.org/id/5630E96FFFD0FFA804DAF97CFE510B82,2,automatic rule (make_negatives.py); pending specialist review
N048,1D54879FFFE6FFAEFEC381CEFA94C766,Polydiscia deuterosminthurus,Bourletiellidae,trophic_guild,What does Polydiscia deuterosminthurus feed on?,NOT_DOCUMENTED,,,,10470,"Polydiscia deuterosminthurus Baquero, Moraza & Jordana, 2003, sp. nov.","A new species of Polydiscia (Acari, Prostigmata, Tanaupodidae) with reference to its host: a new species of Deuterosminthurus (Collembola, Symphypleona, Bourletiellidae)",10.5281/zenodo.156331,http://treatment.plazi.org/id/1D54879FFFE6FFAEFEC381CEFA94C766,2,automatic rule (make_negatives.py); pending specialist review
N049,0B21878A6362FD06F7EFC907FBB98EC2,Pseudosinella josemarii,Entomobryidae,trophic_guild,What does Pseudosinella josemarii feed on?,NOT_DOCUMENTED,,,,6137,"Pseudosinella josemarii Soto-Adames, 2010, sp. nov.",Two new species and descriptive notes for five Pseudosinella species (Hexapoda: Collembola: Entomobryidae) from West Virginian (USA) Caves,10.5281/zenodo.275457,http://treatment.plazi.org/id/0B21878A6362FD06F7EFC907FBB98EC2,1,automatic rule (make_negatives.py); pending specialist review
N050,BA7487DEEF67FFA7FF2841A9FD7B0918,Pygmarrhopalites kaprusi,Arrhopalitidae,trophic_guild,What does Pygmarrhopalites kaprusi feed on?,NOT_DOCUMENTED,,,,9452,"Pygmarrhopalites kaprusi Vargovitsh, 2009, sp. nov.",New Cave Arrhopalitidae (Collembola: Symphypleona) from the Crimea (Ukraine),10.5281/zenodo.186465,http://treatment.plazi.org/id/BA7487DEEF67FFA7FF2841A9FD7B0918,1,automatic rule (make_negatives.py); pending specialist review
N051,03A12C184324C156CC831D85B374F979,Pygmarrhopalites leonardwoodensis,Arrhopalitidae,trophic_guild,What does Pygmarrhopalites leonardwoodensis feed on?,NOT_DOCUMENTED,,,,5931,"Pygmarrhopalites leonardwoodensis Zeppelini, Taylor & Slay, 2009, sp. nov.","Cave Pygmarrhopalites Vargovitsh, 2009 (Collembola, Symphypleona, Arrhopalitidae) in United States",10.5281/zenodo.189689,http://treatment.plazi.org/id/03A12C184324C156CC831D85B374F979,1,automatic rule (make_negatives.py); pending specialist review
N052,9D4287A36167FFDE49C5FBCCBCB352D0,Salina anhuiensis,Paronellidae,trophic_guild,What does Salina anhuiensis feed on?,NOT_DOCUMENTED,,,,3537,"Salina anhuiensis Ma 2012, sp. nov.","A new species of Salina (Collembola: Paronellidae) from Anhui Province, China",10.11646/zootaxa.3389.1.4,http://treatment.plazi.org/id/9D4287A36167FFDE49C5FBCCBCB352D0,1,automatic rule (make_negatives.py); pending specialist review
N053,A2745411FFC3C10BC9A5FC437D6D8A3B,Similonychiurus voegtlini,Onychiuridae,trophic_guild,What does Similonychiurus voegtlini feed on?,NOT_DOCUMENTED,,,,2543,Similonychiurus voegtlini Christiansen & Bellinger 1980,Three new genera of Onychiuridae (Collembola),10.5281/zenodo.176428,http://treatment.plazi.org/id/A2745411FFC3C10BC9A5FC437D6D8A3B,2,automatic rule (make_negatives.py); pending specialist review
N054,D21E1033FFE5FFB1FF1371A1E4D3FEF0,Simonachorutes agrensis,Neanuridae,trophic_guild,What does Simonachorutes agrensis feed on?,NOT_DOCUMENTED,,,,2361,"Simonachorutes agrensis Arbea & Jordana 1989, comb. nov.","Simonachorutes, a new genus of Pseudachorutinae (Collembola, Neanuridae) from Europe",10.11646/zootaxa.4205.2.6,http://treatment.plazi.org/id/D21E1033FFE5FFB1FF1371A1E4D3FEF0,1,automatic rule (make_negatives.py); pending specialist review
N055,03F8C314FFD5FF87FF60F9708C9DF841,Superodontella multisensillata,Odontellidae,trophic_guild,What does Superodontella multisensillata feed on?,NOT_DOCUMENTED,,,,4833,"Superodontella multisensillata Kaprus' & Weiner, 2007, sp. nov.","New species of Superodontella Stach, 1949 (Collembola, Odontellidae) from western part of Ukraine",10.5281/zenodo.177312,http://treatment.plazi.org/id/03F8C314FFD5FF87FF60F9708C9DF841,1,automatic rule (make_negatives.py); pending specialist review
N056,03E587D9FFE2F379FF2D55EAFAFEC801,Supraphorura chernovae,Onychiuridae,trophic_guild,What does Supraphorura chernovae feed on?,NOT_DOCUMENTED,,,,4466,"Supraphorura chernovae Gulgenova & Potapov 2023, sp. nov.",Two new species of Onychiuridae (Collembola) from East Siberia (Russia),10.11646/zootaxa.5336.1.6,http://treatment.plazi.org/id/03E587D9FFE2F379FF2D55EAFAFEC801,3,automatic rule (make_negatives.py); pending specialist review
N057,4ADF2244913052D886C0579DA546420B,Szeptyckitheca kac,Sminthuridae,trophic_guild,What does Szeptyckitheca kac feed on?,NOT_DOCUMENTED,,,,1641,"Szeptyckitheca kac Zeppelini, Lopes & Lima 2018","Revisiting Szeptyckitheca Betsch & Weiner (Collembola, Symphypleona, Sminthuridae): new species, updated diagnoses, and a key",http://dx.doi.org/10.3897/zookeys.1186.111837,http://treatment.plazi.org/id/4ADF2244913052D886C0579DA546420B,1,automatic rule (make_negatives.py); pending specialist review
N058,02788780A945B8114F717286FD5CF934,Tetracanthella fusca,Isotomidae,trophic_guild,What does Tetracanthella fusca feed on?,NOT_DOCUMENTED,,,,1710,"Tetracanthella fusca Potapov & Deharveng 2005, n. sp.","Three new species of Tetracanthella (Collembola, Isotomidae) from western Europe",10.5281/zenodo.5390855,http://treatment.plazi.org/id/02788780A945B8114F717286FD5CF934,3,automatic rule (make_negatives.py); pending specialist review
N059,CFDEFF1339251149C64196287E16F253,Tomocerus tiani,Tomoceridae,trophic_guild,What does Tomocerus tiani feed on?,NOT_DOCUMENTED,,,,7650,"Tomocerus tiani Yu, sp. n.","New cave-dwelling species of Tomoceridae from China, with a study on the pattern of mesothoracic bothriotricha in Tomocerinae (Collembola, Entomobryomorpha)",http://dx.doi.org/10.3897/zookeys.574.7312,http://treatment.plazi.org/id/CFDEFF1339251149C64196287E16F253,3,automatic rule (make_negatives.py); pending specialist review
N060,044CBEC7FDC23C4FCD2F59FE217EC3CA,Trogolaphysa belizeana,Paronellidae,trophic_guild,What does Trogolaphysa belizeana feed on?,NOT_DOCUMENTED,,,,3012,Trogolaphysa belizeana Palacios-Vargas & Thibaud 1997,"The dorsal chaetotaxy of Trogolaphysa (Collembola, Paronellidae), with descriptions of two new species from caves in Belize",http://dx.doi.org/10.3897/zookeys.323.4950,http://treatment.plazi.org/id/044CBEC7FDC23C4FCD2F59FE217EC3CA,3,automatic rule (make_negatives.py); pending specialist review
