qid,config,question_type,family,question,gold_answer,answer_offset,doc_ref,doc_ref_hit_gold,wall_s,error,plazi_answer,top_answer,top_collection,plazi_rank,gold_retrieved,gold_doc_rank,gold_answer_doc,n_plazi_docs,pipeline_time,unresolved,plazi_answered,plazi_em,plazi_contains,plazi_f1,plazi_rougeL,plazi_faith,top_answered,top_em,top_contains,top_f1,top_rougeL,top_faith
P001,pipeline,trophic_guild,,What does Agrenia bidenticulata feed on?,the biofilm || biofilm,-1,,,4.97,,"Based on the provided documents, there is no specific information regarding the diet or feeding habits of *Agrenia bidenticulata*. The sources primarily discuss its taxonomy, distribution, and ecological preferences, but do not mention its food source .","Based on the provided documents, there is no specific information about the diet of *Agrenia bidenticulata*. The document mentions its presence in microarthropod communities near a receding glacier but does not describe its feeding habits . Further research would be needed to determine its dietary preferences.",medline,2,0,,0,4,1.898,False,1.0,0.0,0.0,0.05263157894736842,0.05263157894736842,,1.0,0.0,0.0,0.0425531914893617,0.0425531914893617,
P002,pipeline,trophic_guild,,What does Anurida maritima feed on?,"marine and terrestrial invertebrates, as well as marine macrophytes || marine and terrestrial invertebrates || invertebrates || marine macrophytes",-1,,,8.92,,"Based on the provided documents, *Anurida maritima* feeds on Collembola such as itself, mites, and Thysanura. It is noted that larvae may also consume algae, indicating a potential for both predatory and phytophagous diets .","Based on the provided documents, no specific information is given regarding the diet of *Anurida maritima*. The sources describe its tidal activity patterns, genetic diversity, chromosome structure, and spermiogenesis processes, but none mention its feeding habits , , , , . Further research would be needed to determine its dietary preferences.",medline,2,0,,0,1,4.829,True,1.0,0.0,0.0,0.09302325581395347,0.05263157894736842,,1.0,0.0,0.0,0.04,0.04,
P003,pipeline,trophic_guild,,What does Archisotoma pulchella feed on?,diatoms,-1,,,4.38,,"Based on the provided documents, there is no specific information regarding the diet of *Archisotoma pulchella* . The sources primarily focus on its distribution and taxonomic history rather than feeding habits. Further research would be needed to determine its dietary preferences.","Based on the provided documents, there is no specific information regarding the diet of *Archisotoma pulchella* . The sources primarily focus on its distribution and taxonomic history rather than feeding habits. Further research would be needed to determine its dietary preferences.",plazi,1,0,,0,1,1.668,False,1.0,0.0,0.0,0.0,0.0,,1.0,0.0,0.0,0.0,0.0,
P005,pipeline,trophic_guild,,What does Bourletiella hortensis feed on?,Tiny pioneer mosses || mosses,-1,,,5.62,,"Based on the provided documents, there is no specific information regarding the diet or feeding habits of *Bourletiella hortensis*. The sources primarily focus on taxonomy, distribution, and synonyms rather than ecological interactions or dietary preferences . Further research would be needed to determine its feeding behavior.","Based on the provided documents, there is no specific information about the diet of *Bourletiella hortensis*. The document mentions *Bourletiella hortensis* as a test organism in ecotoxicity studies but does not describe its feeding habits . Further research or biological references would be needed to determine what *Bourletiella hortensis* feeds on.",medline,2,0,,0,6,2.877,False,1.0,0.0,0.0,0.0,0.0,,1.0,0.0,0.0,0.0,0.0,
P006,pipeline,trophic_guild,,What does Bourletiella hortensis feed on?,pepino || Solanum muricatum,-1,,,5.39,,"Based on the provided documents, there is no specific information regarding the diet or feeding habits of *Bourletiella hortensis*. The sources primarily focus on taxonomic details, geographic distribution, and synonyms rather than ecological interactions or dietary preferences . Therefore, the feeding ecology of this species remains unspecified in the available literature.","Based on the provided documents, there is no specific information about the diet of *Bourletiella hortensis*. The document mentions *Bourletiella hortensis* as a test organism in ecotoxicity studies but does not describe its feeding habits . Further research or biological references would be needed to determine what *Bourletiella hortensis* feeds on.",medline,2,0,,0,4,2.459,False,1.0,0.0,0.0,0.0,0.0,,1.0,0.0,0.0,0.0,0.0,
P008,pipeline,trophic_guild,,What does Cryptopygus clavatus feed on?,algae || grazing on algae under water,-1,,,4.8,,,"Based on the provided documents, Cryptopygus clavatus feeds on algae during the summer when it is submerged in water . There is no specific mention of its diet during other seasons in the given texts.",medline,,0,,0,0,1.746,False,0.0,0.0,0.0,0.0,0.0,,1.0,0.0,1.0,0.15384615384615385,0.15384615384615385,
P007,pipeline,trophic_guild,,What does Ceratophysella denticulata feed on?,bacteria and fungi || bacteria || fungi || nematodes,-1,,,9.99,,"Based on the provided documents, there is no specific information regarding the diet or feeding habits of *Ceratophysella denticulata*. The sources primarily discuss its geographical distribution, ecology, and habitats but do not mention what it feeds on .","Based on the provided documents, Ceratophysella denticulata feeds on photoautotrophic microorganisms. Specifically, these springtails were found to be highly (13)C enriched when incubated under light, deriving up to 3.0 and 17.0% of their body carbon from the microbial source in 7 days .",medline,2,0,,0,6,6.077,True,1.0,0.0,0.0,0.05,0.05,,1.0,0.0,0.0,0.044444444444444446,0.04166666666666667,
P010,pipeline,trophic_guild,,What does Desoria ruseki feed on?,corn litter || Mongolian oak litter || yeast,-1,,,5.26,,"Based on the provided documents, there is no specific information regarding the diet of *Desoria ruseki*. The sources mention its distribution and taxonomic classification but do not provide details about its feeding habits , . Further research would be needed to determine its dietary preferences.","Based on the provided documents, Desoria ruseki feeds on corn litter and yeast. The study examined the effects of these two food sources on the microbiota of the Collembola, showing distinct differences in microbial community composition between the two diets .",medline,2,0,,0,2,2.085,False,0.0,0.0,0.0,0.0,0.0,,1.0,0.0,1.0,0.09523809523809523,0.09523809523809523,
P011,pipeline,trophic_guild,,What does Entomobrya proxima feed on?,carrion,-1,,,7.18,,,"Based on the provided documents, *Entomobrya proxima* primarily feeds on carcasses (dead insect bodies), with more than 50% of its diet consisting of insect body parts. The remaining portion includes indirectly used microorganisms such as fungi and bacteria naturally present on animal food sources .",medline,,0,,0,0,3.138,False,0.0,0.0,0.0,0.0,0.0,,1.0,0.0,0.0,0.0,0.0,
P012,pipeline,trophic_guild,,What does Entomobrya proxima feed on?,organic fertilizer,-1,,,5.39,,,"Based on the provided documents, Entomobrya proxima primarily feeds on carcasses (dead insect bodies), with more than 50% of its diet consisting of insect body parts. The remaining portion includes indirectly used microorganisms such as fungi and bacteria naturally present on animal food sources .",medline,,0,,0,0,1.507,False,0.0,0.0,0.0,0.0,0.0,,1.0,0.0,0.0,0.0,0.0,
P013,pipeline,trophic_guild,,What does Folsomia candida feed on?,F. oxysporum mycelium || Fusarium oxysporum || mycelium,-1,,,12.86,,"Based on the provided documents, there is no specific information regarding the diet of *Folsomia candida*. The sources discuss its taxonomy, distribution, and ecological roles such as being found in soil and leaf litter, but do not detail feeding habits . Further research would be needed to determine its dietary preferences.","Based on the provided documents, *Folsomia candida* feeds on various fungal species, including both wild-type and melanin-deficient forms of *Aspergillus fumigatus*, as well as mixed diets containing different fungal species like *Cladosporium cladosporioides* . Additionally, it can consume other organisms such as the aphid *Aphis nerii* and the fly *Drosophila*, although these may be considered lower quality foods . It is also noted that *Folsomia candida* can survive on mycotoxin-producing fungi, albeit with reduced physiological parameters .",medline,2,0,,0,1,8.718,False,1.0,0.0,0.0,0.0,0.0,,1.0,0.0,0.0,0.0,0.0,
P014,pipeline,trophic_guild,,What does Folsomia candida feed on?,"F. verticillioides, F. graminearum, A. ochraceus, and A. nidulans || mycotoxin-producing fungi || fungi",-1,,,11.19,,"Based on the provided documents, there is no specific information regarding the diet of *Folsomia candida*. The sources discuss its taxonomy, distribution, and ecological roles such as nitrogen excretion and habitat preferences, but none detail its feeding habits . Further research would be needed to determine its dietary preferences.","Based on the provided documents, *Folsomia candida* feeds on various fungal species, including both wild-type and melanin-deficient forms of *Aspergillus fumigatus*, as well as mixed diets containing different fungal species like *Cladosporium cladosporioides*. Additionally, it can consume other organisms such as aphids and collembolans, although some of these may be considered low-quality or even toxic food sources . It is also noted that *Folsomia candida* can survive on mycotoxin-producing fungi, albeit with reduced physiological parameters .",medline,2,0,,0,4,7.133,False,1.0,0.0,0.0,0.03508771929824561,0.03508771929824561,,1.0,0.0,1.0,0.052631578947368425,0.07407407407407407,
P015,pipeline,trophic_guild,,What does Folsomia candida feed on?,vegetative hyphae and conidia || A. nidulans || hyphae,-1,,,8.05,,"Based on the provided documents, there is no specific information regarding the diet of *Folsomia candida*. The sources discuss its taxonomy, distribution, and ecological roles such as being found in soil and leaf litter, but do not mention feeding habits . Further research would be needed to determine its dietary preferences.","Based on the provided documents, *Folsomia candida* feeds on various fungal species, including both wild-type and melanin-deficient forms of *Aspergillus fumigatus*, as well as the fungus *Cladosporium cladosporioides*. It can also consume mycotoxin-producing fungi, although this results in reduced physiological parameters. Additionally, it may eat other small organisms like aphids and collembolans, though some of these are considered poor-quality or even toxic food sources .",medline,2,0,,0,1,4.554,False,1.0,0.0,0.0,0.037037037037037035,0.037037037037037035,,1.0,0.0,0.0,0.029411764705882353,0.027777777777777776,
P016,pipeline,trophic_guild,,What does Folsomia candida feed on?,Phanerochaete velutina mycelial systems || Phanerochaete velutina || mycelial,-1,,,9.46,,"Based on the provided documents, there is no specific information regarding the diet of *Folsomia candida*. The sources discuss its taxonomy, distribution, and ecological roles such as nitrogen excretion and habitat preferences, but none detail its feeding habits . Further research would be needed to determine its dietary preferences.","Based on the provided documents, *Folsomia candida* feeds on various fungal species, including both wild-type and melanin-deficient forms of *Aspergillus fumigatus*, as well as other fungi like *Cladosporium cladosporioides*. It also consumes mixed diets comprising different fungal species and may ingest other small organisms such as aphids and collembolans, although these latter items are noted to be of lower nutritional value or even harmful , . Additionally, it is commonly maintained on granulated dry yeast in laboratory settings .",medline,2,0,,0,4,5.639,False,1.0,0.0,0.0,0.0,0.0,,1.0,0.0,0.0,0.0,0.0,
P017,pipeline,trophic_guild,,What does Folsomia candida feed on?,the filamentous fungus Aspergillus nidulans || Aspergillus nidulans,-1,,,6.37,,"Based on the provided documents, there is no specific information regarding the diet of *Folsomia candida*. The sources discuss its taxonomy, distribution, and ecological roles such as nitrogen excretion and habitat preferences, but none detail its feeding habits . Further research would be needed to determine its dietary preferences.","Based on the provided documents, Folsomia candida feeds on various food sources including fungal species such as Aspergillus fumigatus, Cladosporium cladosporioides, and mycotoxin-producing fungi . Additionally, it can consume granulated dry yeast in laboratory settings . The species also exhibits dietary preferences for certain prey items like Drosophila melanogaster and may ingest collembolans such as Isotoma trispinata, although these latter foods are noted to be of lower nutritional value or even toxic .",medline,2,0,,0,4,2.897,False,1.0,0.0,0.0,0.03773584905660377,0.03773584905660377,,1.0,0.0,0.0,0.05333333333333333,0.05263157894736842,
P018,pipeline,trophic_guild,,What does Folsomia candida feed on?,S. perfoliatum litter || litter,-1,,,8.57,,"Based on the provided documents, there is no specific information regarding the diet of *Folsomia candida*. The sources mention its ecological preferences such as inhabiting soil and leaf litter , but do not detail feeding habits. Further research would be needed to determine its dietary specifics.","Based on the provided documents, *Folsomia candida* feeds on various fungal species, including both wild-type and melanin-deficient forms of *Aspergillus fumigatus*, as well as the fungus *Cladosporium cladosporioides*. Additionally, it can consume mycotoxin-producing fungi, although this results in reduced physiological parameters. It is also noted that *F. candida* can be maintained on a diet of granulated dry yeast in laboratory settings .",medline,2,0,,0,1,3.149,False,1.0,0.0,1.0,0.04347826086956522,0.04347826086956522,,1.0,0.0,0.0,0.0,0.0,
P019,pipeline,trophic_guild,,What does Folsomia candida feed on?,the Streptomyces colonies || Streptomyces,-1,,,8.24,,"Based on the provided documents, there is no specific information regarding the diet of *Folsomia candida*. The sources discuss its taxonomy, distribution, and some physiological responses like nitrogen excretion, but none mention feeding habits . Further research would be needed to determine its dietary preferences.","Based on the provided documents, Folsomia candida feeds on various food sources including granulated dry yeast, fungal species such as Cladosporium cladosporioides, Aspergillus fumigatus, and mycotoxin-producing fungi. Additionally, it consumes collembolans like Isotoma trispinata and other prey items such as aphids and fruit flies, although some of these may be considered low-quality or even toxic .",medline,2,0,,0,6,2.624,False,1.0,0.0,0.0,0.04255319148936171,0.04255319148936171,,1.0,0.0,0.0,0.034482758620689655,0.03333333333333333,
P020,pipeline,trophic_guild,,What does Folsomia candida feed on?,black fungi,-1,,,7.79,,"Based on the provided documents, there is no specific information regarding the diet of *Folsomia candida*. The sources discuss its taxonomy, distribution, and ecological habitat but do not mention feeding habits . Further research would be needed to determine its dietary preferences.","Based on the provided documents, *Folsomia candida* feeds on various fungal species, including both wild-type and melanin-deficient forms of *Aspergillus fumigatus*, as well as other fungi like *Cladosporium cladosporioides*. It can also consume mixed diets comprising different fungal species and even some animal-based foods, although certain prey items like *Folsomia candida* itself and *Aphis nerii* have been noted as poor quality or toxic , . Additionally, it can survive on mycotoxin-producing fungi, albeit with reduced physiological performance .",medline,2,0,,0,4,2.941,False,1.0,0.0,0.0,0.0,0.0,,1.0,0.0,0.0,0.025974025974025976,0.02469135802469136,
P021,pipeline,trophic_guild,,What does Folsomia candida feed on?,the external hyphae of AMF || hyphae of AMF || AMF,-1,,,8.04,,"Based on the provided documents, there is no specific information regarding the diet of *Folsomia candida*. The sources discuss its taxonomy, distribution, and ecological roles such as being found in soil and leaf litter , but do not detail feeding habits. Further research would be needed to determine its dietary preferences.","Based on the provided documents, Folsomia candida feeds primarily on fungal species, including both wild-type and melanin-deficient forms of *Aspergillus fumigatus*, as well as other fungi like *Cladosporium cladosporioides* . Additionally, it can survive on mycotoxin-producing fungi although with reduced physiological parameters . It is also noted that F. candida can be part of an animal diet, as it was consumed by spiders .",medline,2,0,,0,1,2.949,False,1.0,0.0,0.0,0.07272727272727272,0.07272727272727272,,1.0,0.0,0.0,0.060606060606060615,0.057971014492753624,
P022,pipeline,trophic_guild,,What does Folsomia candida feed on?,fungi growing on organic surfaces || fungi,-1,,,7.33,,"Based on the provided documents, there is no specific information regarding the diet of *Folsomia candida*. The sources discuss its taxonomy, distribution, and ecological habitat but do not mention feeding habits . Further research would be needed to determine its dietary preferences.","Based on the provided documents, *Folsomia candida* feeds on various fungal species, including mycotoxin-producing fungi, as well as other food sources like granulated dry yeast and mixed diets containing different fungal species and insect prey such as aphids and other Collembola species . It can survive on mycotoxin-producing fungi alone, although this leads to reduced physiological parameters .",medline,2,0,,0,4,2.539,False,1.0,0.0,0.0,0.04347826086956522,0.04347826086956522,,1.0,0.0,1.0,0.06557377049180328,0.06349206349206349,
P023,pipeline,trophic_guild,,What does Folsomia candida feed on?,seven saprophytic fungal species || saprophytic fungal species || fungi,-1,,,6.63,,"Based on the provided documents, there is no specific information regarding the diet of *Folsomia candida*. The sources primarily discuss its taxonomy, distribution, and ecological roles such as being found in soil and leaf litter . Further research would be needed to determine its exact feeding habits.","Based on the provided documents, *Folsomia candida* feeds on various fungal species, including both wild-type and melanin-deficient forms of *Aspergillus fumigatus*, as well as the fungus *Cladosporium cladosporioides*. Additionally, it can consume mycotoxin-producing fungi, although this results in reduced physiological parameters. It is also noted that *F. candida* can be maintained on a diet of granulated dry yeast in laboratory settings .",medline,2,0,,0,1,2.874,False,1.0,0.0,0.0,0.0,0.0,,1.0,0.0,1.0,0.0625,0.05970149253731343,
P024,pipeline,trophic_guild,,What does Folsomia candida feed on?,T. virens || Trichoderma virens || T. virens Gv29.8,-1,,,8.59,,"Based on the provided documents, there is no specific information regarding the diet of *Folsomia candida*. The sources discuss its taxonomy, distribution, and some physiological responses like nitrogen excretion, but none mention feeding habits . Further research would be needed to determine its dietary preferences.","Based on the provided documents, *Folsomia candida* feeds on various fungal species, including both preferred ones like *Cladosporium cladosporioides* and less preferred or lower quality species. It can also consume mixed diets comprising different fungal forms and even certain insect species such as aphids and collembolans, although some of these may be considered poor quality or even toxic ,. Additionally, it can survive on mycotoxin-producing fungi, though this leads to reduced physiological parameters .",medline,2,0,,0,6,3.595,False,1.0,0.0,0.0,0.0,0.0,,1.0,0.0,0.0,0.0,0.0,
P025,pipeline,trophic_guild,,What does Folsomia candida feed on?,preferred fungal species || fungal species || fungi,-1,,,8.58,,"Based on the provided documents, there is no specific information regarding the diet of *Folsomia candida*. The sources discuss its taxonomy, distribution, and ecological roles such as nitrogen excretion and habitat preferences, but none detail its feeding habits . Further research would be needed to determine its dietary preferences.","Based on the provided documents, Folsomia candida feeds on various food sources including fungal species such as Aspergillus fumigatus, Cladosporium cladosporioides, and mycotoxin-producing fungi . Additionally, it consumes insect prey like aphids (Rhopalosiphum padi) and collembolans (Isotoma trispinata) . It is also noted that F. candida can be maintained on a diet of granulated dry yeast in laboratory settings .",medline,2,0,,0,4,3.11,False,1.0,0.0,0.0,0.0,0.0,,1.0,0.0,1.0,0.06779661016949151,0.06666666666666667,
P026,pipeline,trophic_guild,,What does Folsomia candida feed on?,fungi without chemical defenses || fungi without repellant crystalline structures || modified A. nidulans || fungi,-1,,,8.69,,"Based on the provided documents, there is no specific information regarding the diet of *Folsomia candida*. The sources discuss its taxonomy, distribution, and ecological roles such as nitrogen excretion and habitat preferences, but none detail its feeding habits . Further research would be needed to determine its dietary preferences.","Based on the provided documents, Folsomia candida feeds primarily on fungal species, including both wild-type and melanin-deficient forms of *Aspergillus fumigatus*, as well as other fungi like *Cladosporium cladosporioides* . Additionally, it can survive on mycotoxin-producing fungi although with reduced physiological parameters . It is also noted that F. candida can be part of an animal diet, as evidenced by its consumption by spiders , though it is considered a poor-quality prey for some predators .",medline,2,0,,0,4,3.239,False,1.0,0.0,0.0,0.0,0.0,,1.0,0.0,1.0,0.0273972602739726,0.025974025974025976,
P027,pipeline,trophic_guild,,What does Folsomia fimetaria feed on?,bacteria and protozoa || bacteria,-1,,,7.92,,"Based on the provided documents, there is no specific information about the diet of *Folsomia fimetaria*. The sources discuss its distribution, taxonomy, and general ecological preferences but do not mention feeding habits . Further research would be needed to determine its food sources.","Based on the provided documents, Folsomia fimetaria is primarily associated with feeding on organic matter such as barley straw and other plant materials, likely through microbial interactions. It is mentioned in the context of decomposing barley straw alongside microbial communities . However, specific dietary preferences or direct food sources for Folsomia fimetaria are not explicitly detailed in the given sources.",medline,2,0,,0,5,4.404,True,1.0,0.0,0.0,0.044444444444444446,0.044444444444444446,,1.0,0.0,0.0,0.03225806451612903,0.03225806451612903,
P028,pipeline,trophic_guild,,What does Folsomia fimetarioides feed on?,metal-tolerant fungi || fungi,-1,,,3.36,,,"Based on the provided documents, Folsomia fimetarioides shows a higher preference for metal-tolerant fungi compared to Isotomiella minor . However, the specific diet of Folsomia fimetarioides is not explicitly stated in the given text. The study focuses on their feeding preferences regarding fungal substrates with varying levels of metal contamination rather than detailing their exact dietary composition. Therefore, additional research would be needed to determine the full range of what Folsomia fimetarioides feeds on.",medline,,0,,0,0,0.86,False,0.0,0.0,0.0,0.0,0.0,,1.0,0.0,1.0,0.05333333333333332,0.07792207792207792,
P029,pipeline,trophic_guild,,What does Folsomia octoculata feed on?,root-derived carbon || mycorrhizal fungi,-1,,,3.71,,"Based on the provided documents, there is no specific information about the diet of *Folsomia octoculata*. The sources mention its distribution and habitat but do not describe its feeding habits . Further research would be needed to determine its food sources.","Based on the provided documents, there is no specific information about the diet of *Folsomia octoculata*. The sources mention its distribution and habitat but do not describe its feeding habits . Further research would be needed to determine its food sources.",plazi,1,0,,0,1,1.128,False,1.0,0.0,0.0,0.0,0.0,,1.0,0.0,0.0,0.0,0.0,
P031,pipeline,trophic_guild,,What does Heteromurus nitidus feed on?,nematodes,-1,,,8.33,,"Based on the provided documents, there is no specific information regarding the diet or feeding habits of *Heteromurus nitidus*. The sources describe its ecological preferences and geographic distribution but do not mention its food source . Therefore, the feeding behavior of this species remains unspecified in the given literature.","Based on the provided documents, Heteromurus nitidus feeds on the wheat fungal pathogen Zymoseptoria tritici found on infected plant tissues . It also consumes other food sources such as the aphid Rhopalosiphum padi and the springtail Folsomia candida, which are considered lower quality prey compared to Heteromurus nitidus and Drosophila melanogaster .",medline,2,0,,0,5,5.023,True,1.0,0.0,0.0,0.0,0.0,,1.0,0.0,0.0,0.0,0.0,
P030,pipeline,trophic_guild,,What does Folsomia quadrioculata feed on?,litter,-1,,,12.84,,"Based on the provided documents, there is no specific information regarding the diet of *Folsomia quadrioculata*. The sources describe its distribution, habitat, and taxonomy but do not mention feeding habits . Further research would be needed to determine its dietary preferences.","Based on the provided documents, Folsomia quadrioculata feeds on bark with a natural layer of Cyanobacteria, which was used in experiments involving dietary exposure to imidacloprid . There is no specific mention of its natural food sources beyond this experimental context.",medline,2,0,,0,6,6.06,True,1.0,0.0,0.0,0.0,0.0,,1.0,0.0,0.0,0.0,0.0,
P032,pipeline,trophic_guild,,What does Heteromurus nitidus feed on?,Zymoseptoria tritici || Z. tritici || fungal pathogen,-1,,,5.96,,"Based on the provided documents, there is no specific information regarding the diet or feeding habits of *Heteromurus nitidus*. The sources describe its ecological preferences and geographic distribution but do not mention what it feeds on . Therefore, the dietary habits of this species remain unspecified in the given context.","Based on the provided documents, Heteromurus nitidus feeds on various organisms including the wheat fungal pathogen Zymoseptoria tritici , and potentially other microorganisms such as fungi and possibly detritus, as it is mentioned alongside other food sources like Folsomia candida in studies involving prey quality assessments . Additionally, it is noted that H. nitidus can graze on fungal pathogens on infected plant tissues .",medline,2,0,,0,5,2.383,True,1.0,0.0,0.0,0.0,0.0,,1.0,0.0,1.0,0.06349206349206349,0.06349206349206349,
P033,pipeline,trophic_guild,,What does Isotoma caerulea feed on?,plant litter and root exudates || plant litter || root exudates,-1,,,6.03,,"Based on the provided documents, there is no specific information given about the feeding habits of *Isotoma caerulea*. The sources mention its taxonomic classification and general distribution but do not provide details on its diet . Further research would be needed to determine what *Isotoma caerulea* feeds on.","Based on the provided documents, Isotoma caerulea feeds on important resources such as young plant material and microorganisms. This conclusion is drawn from the observation that isotope values of this species increased in organically managed fields, suggesting a higher proportion of microorganisms in their diet . Additionally, studies on lipid biosynthesis indicate that Isotoma caerulea can synthesize long-chain polyunsaturated fatty acids, implying dietary intake of specific compounds .",medline,2,0,,0,1,3.032,False,0.0,0.0,0.0,0.03846153846153846,0.03846153846153846,,1.0,0.0,0.0,0.05633802816901409,0.05555555555555556,
P034,pipeline,trophic_guild,,What does Isotoma viridis feed on?,Fungal hyphae || Fungal spores || Diatom algae,-1,,,8.15,,"Based on the provided documents, there is no specific information regarding the diet or feeding habits of *Isotoma viridis*. The sources primarily focus on taxonomy, distribution, and nomenclature rather than ecological aspects such as food preferences . Further research would be needed to determine its dietary requirements.","Based on the provided documents, there is no specific information regarding the diet of *Isotoma viridis*. The sources discuss ecological adaptations, such as egg dormancy and hatching strategies, and mention interactions with other species, but do not provide details on feeding habits . Further research would be needed to determine its dietary preferences.",medline,2,0,,0,6,4.256,True,1.0,0.0,0.0,0.0,0.0,,0.0,0.0,0.0,0.0,0.0,
P035,pipeline,trophic_guild,,What does Isotoma viridis feed on?,dead organic matter || microorganisms,-1,,,7.37,,"Based on the provided documents, there is no specific information regarding the diet or feeding habits of *Isotoma viridis*. The sources primarily focus on taxonomy, distribution, and nomenclature rather than ecological interactions or dietary preferences . Further research would be needed to determine its food sources.","Based on the provided documents, there is no specific information regarding the diet of *Isotoma viridis*. The sources discuss ecological interactions, genetic studies, and adaptations related to flooding, but none detail the feeding habits of this species , , , . Further research would be needed to determine its dietary preferences.",medline,2,0,,0,6,3.414,True,1.0,0.0,0.0,0.0,0.0,,1.0,0.0,0.0,0.0,0.0,
P036,pipeline,trophic_guild,,What does Isotomiella minor feed on?,bacteria,-1,,,9.7,,"Based on the provided documents, there is no specific information about the diet of *Isotomiella minor*. The sources discuss its distribution, taxonomy, and ecological habitat but do not mention feeding habits . Further research would be needed to determine its dietary preferences.","Based on the provided documents, Isotomiella minor is noted to feed on fungi, particularly showing a preference for metal-tolerant fungi when given choices between different fungal types . There is no explicit mention of other food sources in the context of Isotomiella minor's diet within these references.",medline,2,0,,0,6,6.332,True,1.0,0.0,0.0,0.0,0.0,,1.0,0.0,0.0,0.0,0.0,
P037,pipeline,trophic_guild,,What does Isotomiella minor feed on?,fungi of different metal tolerance || fungi,-1,,,9.25,,"Based on the provided documents, there is no specific information regarding the diet of *Isotomiella minor*. The sources discuss its distribution, taxonomy, and habitat but do not mention feeding habits . Further research would be needed to determine its dietary preferences.","Based on the provided documents, Isotomiella minor is mentioned in the context of feeding preferences and interactions with other organisms, but none of the sources explicitly state what Isotomiella minor feeds on. The references discuss its ecological roles, such as competition with other springtails and earthworms, and responses to environmental stressors like pollution and nitrogen deposition, but do not specify dietary habits . Therefore, the specific diet of Isotomiella minor is not detailed in the given sources.",medline,2,0,,0,6,5.8,True,1.0,0.0,0.0,0.04444444444444445,0.04444444444444445,,1.0,0.0,0.0,0.024691358024691357,0.024691358024691357,
P039,pipeline,trophic_guild,,What does Lepidocyrtus chorus feed on?,pollen || plant material || fungal hyphae,-1,,,4.51,,"Based on the provided documents, *Lepidocyrtus chorus* sp. nov. primarily feeds on pollen grains, particularly during the bloom of certain plants. Some pollen grains found in its gut showed signs of digestion, suggesting an exclusive or predominant diet of pollen. However, it may also exhibit opportunistic feeding behavior outside of blooming periods .","Based on the provided documents, there is no specific information given about the diet or feeding habits of *Lepidocyrtus chorus*. The source describes the discovery of the species and its unique dancing behavior associated with feeding activities but does not specify what it feeds on . Further research would be needed to determine its dietary preferences.",medline,2,1,1,1,1,1.85,False,1.0,0.0,1.0,0.03773584905660378,0.03773584905660378,,0.0,0.0,0.0,0.0,0.0,
P038,pipeline,trophic_guild,,What does Isotomurus palustris feed on?,nematodes || nematode,-1,,,7.25,,"Based on the provided documents, there is no specific information about the feeding habits of *Isotomurus palustris*. The sources primarily discuss taxonomy, distribution, and type localities rather than ecological interactions or diet . Further research would be required to determine its dietary preferences.","Based on the provided documents, there is no specific information about the diet of *Isotomurus palustris*. The sources mention its presence in certain environmental conditions but do not describe its feeding habits . Further research would be needed to determine its dietary preferences.",medline,2,0,,0,6,3.452,True,1.0,0.0,0.0,0.0,0.0,,1.0,0.0,0.0,0.0,0.0,
P040,pipeline,trophic_guild,,What does Lepidocyrtus curvicollis feed on?,mycelium || fungi || fungivore,-1,,,7.75,,"Based on the provided documents, there is no specific information regarding the diet or feeding habits of *Lepidocyrtus curvicollis*. The sources primarily focus on the taxonomy, distribution, and morphological characteristics of the species . Therefore, the feeding ecology of this species remains unspecified in the available literature.","Based on the provided documents, Lepidocyrtus curvicollis is a fungivorous microarthropod that consumes fungal material, specifically mycelium. It is part of a group of fungivores that consume significantly more than their own body weight per day, with varying preferences for different types of fungal substrates . There is no specific mention of other food sources beyond fungi in the given texts.",medline,2,0,,0,6,4.512,True,1.0,0.0,0.0,0.0,0.0,,1.0,0.0,1.0,0.03278688524590164,0.03278688524590164,
P041,pipeline,trophic_guild,,What does Lepidocyrtus cyaneus feed on?,fungivorous || fungi,-1,,,7.27,,"Based on the provided documents, there is no specific information regarding the diet or feeding habits of *Lepidocyrtus cyaneus*. The sources primarily discuss its taxonomy, distribution, and ecological habitat but do not mention what it feeds on .","Based on the provided documents, there is no direct information about what Lepidocyrtus cyaneus feeds on. Document  discusses the color-changing properties of Lepidocyrtus cyaneus, while document  mentions Lepidocyrtus cyaneus as a prey species consumed by spiders but does not specify its diet. Therefore, the feeding habits of Lepidocyrtus cyaneus are not addressed in the given sources.",medline,2,0,,0,2,4.339,True,1.0,0.0,0.0,0.0,0.0,,0.0,0.0,0.0,0.0,0.0,
P042,pipeline,trophic_guild,,What does Lepidocyrtus cyaneus feed on?,fungi || bacteria,-1,,,3.97,,"Based on the provided documents, there is no specific information regarding the diet or feeding habits of *Lepidocyrtus cyaneus*. The sources primarily discuss its taxonomy, distribution, and ecological habitat but do not mention what it feeds on .","Based on the provided documents, there is no direct information about what Lepidocyrtus cyaneus feeds on. Document  discusses the color-changing properties of Lepidocyrtus cyaneus, while document  mentions Lepidocyrtus cyaneus as a prey species consumed by spiders but does not specify its diet. Therefore, the feeding habits of Lepidocyrtus cyaneus are not addressed in the given sources.",medline,2,0,,0,2,1.278,True,1.0,0.0,0.0,0.0,0.0,,0.0,0.0,0.0,0.0,0.0,
P043,pipeline,trophic_guild,,What does Lepidocyrtus lignorum feed on?,Fungal hyphae || Fungal spores,-1,,,6.97,,"Based on the provided documents, there is no specific information regarding the diet of *Lepidocyrtus lignorum*. The sources primarily discuss taxonomy, morphology, distribution, and nomenclature of this species. Therefore, feeding habits are not addressed in the given texts .","Based on the provided documents, there is no direct mention of what *Lepidocyrtus lignorum* specifically feeds on. However, document  describes a new species, *Lepidocyrtus chorus*, which exhibits ""dancing behavior"" related to searching for food and feeding, suggesting that *Lepidocyrtus* species may engage in behaviors associated with locating food resources. Further details about dietary preferences for *Lepidocyrtus lignorum* are not explicitly provided in the given sources.",medline,2,0,,0,6,3.957,True,1.0,0.0,0.0,0.0,0.0,,1.0,0.0,0.0,0.0,0.0,
P044,pipeline,trophic_guild,,What does Lepidocyrtus violaceus feed on?,yeast,-1,,,5.42,,"Based on the provided documents, there is no specific information regarding the diet or feeding habits of *Lepidocyrtus violaceus*. The sources primarily focus on taxonomy, distribution, and historical records of the species . Therefore, the feeding ecology of this species remains unspecified in the given context.","Based on the provided documents, there is no specific information regarding the diet or feeding habits of *Lepidocyrtus violaceus*. The sources primarily focus on taxonomy, distribution, and historical records of the species . Therefore, the feeding ecology of this species remains unspecified in the given context.",plazi,1,0,,0,5,2.469,False,1.0,0.0,0.0,0.0,0.0,,1.0,0.0,0.0,0.0,0.0,
P045,pipeline,trophic_guild,,What does Mesaphorura krausbaueri feed on?,pathogenic fungi || fungi,-1,,,7.01,,"Based on the provided documents, there is no specific information regarding the diet or feeding habits of *Mesaphorura krausbaueri*. The sources primarily discuss its distribution, ecology, and habitat preferences, such as being found in soil, forests, shrublands, and other terrestrial environments , . Further research would be needed to determine its dietary characteristics.","Based on the provided documents, there is no specific information about the diet of *Mesaphorura krausbaueri*. The source mentions that this species showed an exception in its response to CO₂ enrichment, but it does not provide details about its feeding habits . Further research would be needed to determine what *Mesaphorura krausbaueri* feeds on.",medline,2,0,,0,2,3.438,True,1.0,0.0,0.0,0.0,0.0,,0.0,0.0,0.0,0.0,0.0,
P046,pipeline,trophic_guild,,What does Neanura muscorum feed on?,P. polycephalum slime mould || slime mould || slime mold,-1,,,11.49,,"Based on the provided documents, there is no specific information regarding the diet or feeding habits of *Neanura muscorum*. The sources primarily discuss the distribution, taxonomy, and ecological habitats of the species, but not its dietary preferences . Further research would be needed to determine what *Neanura muscorum* feeds on.","Based on the provided documents, Neanura muscorum feeds on a diet supplemented with slime mould, which leads to significant gains in growth and reproductive success compared to a standard diet of algae-covered bark . The necessity for slime mould in the diet is linked to the 'suctorial' mouthpart morphology characteristic of the Neanuridae family .",medline,2,0,,0,6,4.802,True,1.0,0.0,0.0,0.0,0.0,,1.0,0.0,1.0,0.07272727272727272,0.07142857142857142,
P047,pipeline,trophic_guild,,What does Onychiurus armatus feed on?,fungi,-1,,,6.68,,"Based on the provided documents, there is no specific information regarding the diet of *Onychiurus armatus*. The sources primarily discuss taxonomic classifications, distribution, and morphology rather than feeding habits . Further research would be needed to determine its dietary preferences.","Based on the provided documents, Onychiurus armatus feeds on fungi, specifically soil fungi such as *Verticillium bulbillosum* and *Penicillium spinulosum*, and shows feeding preferences influenced by factors like protein content and metal tolerance . The study indicates that *O. armatus* can utilize metal-tolerant fungi like *Paecilomyces farinosus* even in metal-polluted environments . There is no direct mention of other food sources beyond fungi in these texts.",medline,2,0,,0,4,2.896,True,1.0,0.0,0.0,0.0,0.0,,1.0,0.0,1.0,0.03076923076923077,0.02985074626865672,
P048,pipeline,trophic_guild,,What does Onychiurus armatus feed on?,Verticillium bulbillosum and Penicillium spinulosum || soil fungi || fungal biomass,-1,,,4.29,,"Based on the provided documents, there is no specific information regarding the diet of *Onychiurus armatus*. The sources primarily discuss its taxonomy, distribution, and morphology . Further research would be needed to determine its feeding habits.","Based on the provided documents, Onychiurus armatus feeds on fungi. Specifically, it is mentioned that the fungivorous collembolan Onychiurus armatus was used in experiments involving soil fungi such as Verticillium bulbillosum and Penicillium spinulosum . Additionally, its feeding preferences were studied in relation to different fungal species, including Paecilomyces farinosus, indicating a diet primarily composed of fungi .",medline,2,0,,0,4,1.356,True,1.0,0.0,0.0,0.049999999999999996,0.049999999999999996,,1.0,0.0,1.0,0.1639344262295082,0.1639344262295082,
P049,pipeline,trophic_guild,,What does Onychiurus armatus feed on?,the nematodes within the cysts || nematodes || Heterodera cruciferae,-1,,,5.25,,"Based on the provided documents, there is no specific information regarding the diet of *Onychiurus armatus*. The sources primarily discuss its taxonomy, distribution, and morphology . Further research would be needed to determine its feeding habits.","Based on the provided documents, Onychiurus armatus feeds on fungi. Specifically, it is mentioned that the study involved the fungivorous collembolan Onychiurus armatus feeding on soil fungi such as Verticillium bulbillosum and Penicillium spinulosum . Additionally, the feeding preferences of O. armatus were examined in relation to fungal species, indicating its diet includes various fungal organisms .",medline,2,0,,0,4,1.736,True,1.0,0.0,0.0,0.09999999999999999,0.09999999999999999,,1.0,0.0,0.0,0.06666666666666667,0.06666666666666667,
P050,pipeline,trophic_guild,,What does Onychiurus armatus feed on?,U. isabellina || Umbelopsis isabellina,-1,,,4.79,,"Based on the provided documents, there is no specific information regarding the diet of *Onychiurus armatus*. The sources primarily discuss its taxonomy, distribution, and morphology, but not its feeding habits . Further research would be needed to determine its dietary preferences.","Based on the provided documents, Onychiurus armatus feeds on soil fungi. Specifically, it consumes species such as *Verticillium bulbillosum* and *Penicillium spinulosum*, and shows feeding preferences influenced by metal contamination and fungal protein content . The study indicates that *Onychiurus armatus* is a fungivorous collembolan .",medline,2,0,,0,4,1.39,True,1.0,0.0,0.0,0.0,0.0,,1.0,0.0,0.0,0.0,0.0,
P051,pipeline,trophic_guild,,What does Onychiurus fimatus feed on?,bacteria,-1,,,4.8,,"Based on the provided documents, there is no explicit mention of the feeding habits of *Onychiurus fimatus*. The sources describe its distribution, ecological preferences, and habitat but do not specify its diet . Further research would be needed to determine its food source.","Based on the provided documents, there is no specific information about what Onychiurus fimatus feeds on. The study focuses on the fate of bacterial strains ingested by the microarthropod, but it does not mention the diet of O. fimatus .",medline,2,0,,0,4,2.18,False,1.0,0.0,0.0,0.0,0.0,,1.0,0.0,1.0,0.0,0.0,
P052,pipeline,trophic_guild,,What does Onychiurus sinensis feed on?,Trichoderma polysporum,-1,,,4.93,,,"Based on the provided documents, there is no specific information about the diet of Onychiurus sinensis. The document discusses the discovery of a Rickettsia endosymbiont within this species but does not mention its feeding habits . Further research would be needed to determine the dietary preferences of Onychiurus sinensis.",medline,,0,,0,0,2.297,False,0.0,0.0,0.0,0.0,0.0,,1.0,0.0,0.0,0.0,0.0,
P053,pipeline,trophic_guild,,What does Orchesella cincta feed on?,algae,-1,,,11.21,,"Based on the provided documents, there is no specific information regarding the diet or feeding habits of *Orchesella cincta*. The sources focus on taxonomy, distribution, and morphology rather than ecological interactions related to food sources .","Based on the provided documents, Orchesella cincta feeds on algae, specifically Desmococcus spp., as indicated by studies involving bioassays where these springtails were fed algae spiked with pyrene . However, no specific details regarding their natural diet beyond this experimental context are provided in the given sources.",medline,2,0,,0,6,5.839,False,1.0,0.0,0.0,0.0,0.0,,1.0,0.0,1.0,0.042553191489361694,0.042553191489361694,
P054,pipeline,trophic_guild,,What does Orchesella cincta feed on?,C. cladosporioides || Cladosporium cladosporioides,-1,,,9.37,,"Based on the provided documents, there is no explicit mention of what *Orchesella cincta* feeds on. The sources describe ecological habitats and distributions but do not specify dietary preferences . Further research would be needed to determine its diet.","Based on the provided documents, Orchesella cincta feeds on algae, specifically Desmococcus spp., which were used in bioassays . However, no direct information about its natural diet is given in the sources.",medline,2,0,,0,6,3.692,False,1.0,0.0,0.0,0.0,0.0,,0.0,0.0,0.0,0.0,0.0,
P055,pipeline,trophic_guild,,What does Orchesella cincta feed on?,plants and algae || algae,-1,,,7.35,,"Based on the provided documents, there is no specific information regarding the diet or feeding habits of *Orchesella cincta*. The sources focus on taxonomy, distribution, and morphology rather than ecological interactions related to food sources .","Based on the provided documents, Orchesella cincta feeds on algae, specifically Desmococcus spp., which were used in bioassays . However, no direct information about its natural diet is given in the sources.",medline,2,0,,0,6,2.349,False,1.0,0.0,0.0,0.05263157894736842,0.05263157894736842,,0.0,0.0,1.0,0.0625,0.0625,
P056,pipeline,trophic_guild,,What does Orchesella flavescens feed on?,plant particles || plant-synthesised FAs and plant particles || plant material,-1,,,7.2,,"Based on the provided documents, there is no specific information about the diet or feeding habits of *Orchesella flavescens*. The sources describe its ecological preferences, such as being found in soil under *Alyssum inflatum* and in moist habitats with moss and litter, but do not mention what it feeds on .","Based on the provided documents, there is no specific information about the diet or feeding habits of *Orchesella flavescens* . Further research would be needed to determine its dietary preferences.",medline,2,0,,0,2,4.018,False,1.0,0.0,0.0,0.03636363636363636,0.03571428571428571,,1.0,0.0,0.0,0.0,0.0,
P057,pipeline,trophic_guild,,What does Orchesella villosa feed on?,wheat plants || primary decomposers || plant material || plant-derived resources,-1,,,6.83,,"Based on the provided documents, there is no specific information about the diet of *Orchesella villosa*. The sources describe taxonomic details, distributions, and morphological features but do not mention feeding habits . Further research would be needed to determine its dietary preferences.","Based on the provided documents, Orchesella villosa feeds on both plant material and microorganisms. Isotope analysis indicates that during drought and under organic farming, this species shows a higher proportion of microorganisms in its diet .",medline,2,0,,0,4,3.562,True,1.0,0.0,0.0,0.0,0.0,,1.0,0.0,1.0,0.1081081081081081,0.1081081081081081,
P058,pipeline,trophic_guild,,What does Parisotoma notabilis feed on?,microorganisms associated with roots || microorganisms,-1,,,9.12,,"Based on the provided documents, there is no specific information regarding the diet or feeding habits of *Parisotoma notabilis*. The sources focus on its taxonomy, distribution, and ecological habitats rather than its dietary preferences . Further research would be needed to determine its food sources.","Based on the provided documents, there is no specific information about the diet of *Parisotoma notabilis*. The sources discuss its ecological roles, genetic diversity, and responses to environmental stressors like contamination, but none detail its feeding habits . Further research would be needed to determine its dietary preferences.",medline,2,0,,0,6,5.26,True,1.0,0.0,0.0,0.0,0.0,,1.0,0.0,0.0,0.0,0.0,
P059,pipeline,trophic_guild,,What does Prabhergia mana feed on?,fungi,-1,,,4.33,,"Based on the provided documents, Prabhergia mana likely feeds on fungi, as it was found in bee nesting holes, suggesting a possible diet consisting of fungal material .","Based on the provided documents, there is no specific information regarding the diet or feeding habits of *Prabhergia mana*. The source describes morphological characteristics of the species but does not mention its ecological niche or food sources . Further research would be needed to determine its dietary preferences.",medline,2,1,1,1,1,1.461,True,1.0,0.0,1.0,0.07142857142857142,0.07142857142857142,,1.0,0.0,0.0,0.0,0.0,
P060,pipeline,trophic_guild,,What does Proisotoma minuta feed on?,mycophagous || mycelia || fungi,-1,,,10.67,,"Based on the provided documents, there is no specific information regarding the diet or feeding habits of *Proisotoma minuta*. The sources focus on its distribution, taxonomy, and ecological presence rather than its dietary preferences . Further research would be needed to determine its food source.","Based on the provided documents, Proisotoma minuta feeds on organic matter in soil ecosystems, particularly involving interactions with fungi such as Tricholoma matsutake, where it avoids feeding on the fungus due to chemical repellents like 1-octen-3-ol and methyl cinnamate . However, specific dietary preferences are not explicitly detailed in the given sources.",medline,2,0,,0,6,7.135,False,1.0,0.0,0.0,0.0,0.0,,1.0,0.0,1.0,0.038461538461538464,0.03636363636363636,
P061,pipeline,trophic_guild,,What does Proisotoma minuta feed on?,Rhizoctonia solani || mycophagous || fungi,-1,,,9.79,,"Based on the provided documents, there is no specific information regarding the diet or feeding habits of *Proisotoma minuta*. The sources focus on its distribution, taxonomy, and ecological presence rather than its dietary preferences . Further research would be needed to determine its food source.","Based on the provided documents, Proisotoma minuta feeds on a variety of organic materials, including litter and yeast mixtures . It is also noted to consume microplastics such as urea-formaldehyde particles and polyethylene terephthalate fibers . Additionally, it interacts with fungal materials like Tricholoma matsutake fruit bodies, although these substances repel the species . There is no specific mention of its dietary preferences beyond these examples.",medline,2,0,,0,6,6.165,False,1.0,0.0,0.0,0.0,0.0,,1.0,0.0,0.0,0.0,0.0,
P062,pipeline,trophic_guild,,What does Proisotoma minuta feed on?,fungivorous || fungi,-1,,,9.05,,"Based on the provided documents, there is no specific information regarding the diet or feeding habits of *Proisotoma minuta*. The sources focus on its distribution, taxonomy, and ecological presence rather than its dietary preferences .","Based on the provided documents, Proisotoma minuta feeds on a litter and yeast mixture , and it is also noted that certain chemical compounds like 1-octen-3-ol and methyl cinnamate can repel this species from its food source, implying that it has specific dietary preferences . However, the exact nature of its feeding habits beyond these references is not detailed in the given texts.",medline,2,0,,0,6,4.529,False,1.0,0.0,0.0,0.0,0.0,,1.0,0.0,0.0,0.0,0.0,
P063,pipeline,trophic_guild,,What does Protaphorura armata feed on?,saprophytic fungal species || fungi,-1,,,10.22,,"Based on the provided documents, there is no specific information regarding the diet of *Protaphorura armata*. The sources discuss its distribution, taxonomy, and ecological habitat but do not mention feeding habits .","Based on the provided documents, Protaphorura armata feeds primarily on fungal species, including both wild-type and melanin-deficient forms of *Aspergillus fumigatus* . It also consumes mixed diets comprising various fungal species, showing a preference for high-quality fungal foods like *Cladosporium cladosporioides* . Additionally, it interacts with mycorrhizal fungi and can feed on plant material such as young leaves of *Tilia cordata*, although toxicity varies depending on the leaf's condition . The diet may include other organic matter like dead conspecifics, as it responds to chemical signals from decomposing materials .",medline,2,0,,0,6,6.633,True,1.0,0.0,0.0,0.0,0.0,,1.0,0.0,1.0,0.0449438202247191,0.043010752688172046,
P064,pipeline,trophic_guild,,What does Protaphorura armata feed on?,Trichoderma sp. || Trichoderma,-1,,,8.58,,"Based on the provided documents, there is no specific information regarding the diet of *Protaphorura armata*. The sources describe its habitat and distribution but do not mention feeding habits .","Based on the provided documents, *Protaphorura armata* feeds primarily on fungi, including specific fungal taxa such as Cladosporium cladosporioides, which is noted as a preferred food source . It also interacts with mycorrhizal fungi, influencing carbon and nitrogen dynamics in soil ecosystems . Additionally, it consumes plant material like young leaves of Tilia cordata, although toxicity can occur depending on the presence of yeast fungi . The diet may include other organic matter, as evidenced by its ability to process various substrates in laboratory settings .",medline,2,0,,0,6,4.388,True,1.0,0.0,0.0,0.0,0.0,,1.0,0.0,0.0,0.0,0.0,
P065,pipeline,trophic_guild,,What does Protaphorura armata feed on?,Fusarium species || Fusarium,-1,,,7.54,,"Based on the provided documents, there is no specific information regarding the diet of *Protaphorura armata*. The sources describe its habitat and distribution but do not mention feeding habits .","Based on the provided documents, *Protaphorura armata* feeds primarily on fungi, including specific fungal species such as *Aspergillus fumigatus*, *Cladosporium cladosporioides*, and others. It shows selective foraging behavior, preferring certain fungal taxa over others, which correlates with better growth and reproductive outcomes . Additionally, it interacts with mycorrhizal fungi, influencing carbon and nitrogen dynamics in the ecosystem .",medline,2,0,,0,6,4.296,True,1.0,0.0,0.0,0.0,0.0,,1.0,0.0,0.0,0.03448275862068965,0.03448275862068965,
P066,pipeline,trophic_guild,,What does Protaphorura fimata feed on?,seeds and germinating seedlings of lettuce || seeds || seedlings,-1,,,8.76,,"Based on the provided documents, there is no direct mention of what *Protaphorura fimata* feeds on. However, these springtails are associated with environments rich in organic matter, such as compost, soil, and flower pots, suggesting they likely feed on decomposing plant material and other organic detritus . Their preference for nitrogen-rich habitats implies a diet that includes nitrogen-containing compounds derived from decaying vegetation or animal waste .","Based on the provided documents, Protaphorura fimata feeds on germinating lettuce seeds and seedlings . Additionally, it interacts with arbuscular mycorrhizas and may consume fungal resources, as evidenced by its response to varying fungal food quality . However, specific details on its dietary preferences beyond lettuce and associated fungi are limited in the given sources.",medline,2,0,,0,1,5.366,True,1.0,0.0,0.0,0.056338028169014086,0.027397260273972605,,1.0,0.0,1.0,0.16949152542372883,0.13559322033898305,
P067,pipeline,trophic_guild,,What does Protaphorura fimata feed on?,roots,-1,,,8.31,,"Based on the provided documents, there is no specific information about the diet or feeding habits of *Protaphorura fimata*. The sources describe its distribution, ecological preferences, and habitat but do not mention what it feeds on .","Based on the provided documents, Protaphorura fimata feeds on germinating lettuce seeds and seedlings . It is also noted that this species can interact with arbuscular mycorrhizas and may influence the community composition of saprotrophic microfungi in soil . However, there is no direct mention of other specific dietary items beyond lettuce and its association with fungal resources.",medline,2,0,,0,5,4.233,True,1.0,0.0,0.0,0.0,0.0,,1.0,0.0,0.0,0.0,0.0,
P069,pipeline,trophic_guild,,What does Protaphorura fimata feed on?,fine roots of Zea mays || fine roots || litter resources,-1,,,6.43,,"Based on the provided documents, there is no specific mention of the diet or feeding habits of *Protaphorura fimata*. The sources describe its ecological preferences, such as association with compost, organic matter, and agricultural soils, but do not specify what it feeds on . Further research would be needed to determine its dietary requirements.","Based on the provided documents, Protaphorura fimata feeds on germinating lettuce seeds and seedlings . Additionally, it consumes soil fungi such as Agrocybe gibberosa and Chaetomium globosum . There is no mention of other specific dietary items in the given sources.",medline,2,0,,0,3,3.074,True,1.0,0.0,0.0,0.034482758620689655,0.034482758620689655,,1.0,0.0,0.0,0.045454545454545456,0.045454545454545456,
P068,pipeline,trophic_guild,,What does Protaphorura fimata feed on?,the fungus Agrocybe gibberosa || Agrocybe gibberosa || fungus,-1,,,8.02,,"Based on the provided documents, there is no specific mention of the diet or feeding habits of *Protaphorura fimata*. The sources describe its ecological preferences, such as association with compost, organic matter, and agricultural soils, but do not specify what it feeds on . Further research would be needed to determine its dietary requirements.","Based on the provided documents, Protaphorura fimata feeds on germinating lettuce seeds and seedlings . It also consumes soil fungi such as Agrocybe gibberosa and Chaetomium globosum .",medline,2,0,,0,5,3.913,True,1.0,0.0,0.0,0.03508771929824561,0.03508771929824561,,1.0,0.0,1.0,0.19999999999999998,0.19999999999999998,
P070,pipeline,trophic_guild,,What does Protaphorura fimata feed on?,the fungal diet || fungal,-1,,,6.29,,"Based on the provided documents, there is no explicit mention of what Protaphorura fimata feeds on. The sources describe its habitat preferences, such as compost, organic matter, and agricultural soils, but do not specify dietary habits . Further research would be needed to determine its feeding behavior.","Based on the provided documents, Protaphorura fimata feeds on germinating lettuce seeds and seedlings . Additionally, it consumes soil fungi such as Agrocybe gibberosa and Chaetomium globosum . There is no mention of other specific dietary items in the given sources.",medline,2,0,,0,4,2.425,True,1.0,0.0,0.0,0.04081632653061224,0.04081632653061224,,1.0,0.0,0.0,0.047619047619047616,0.047619047619047616,
P071,pipeline,trophic_guild,,What does Sinella curviseta feed on?,nematodes || entomopathogenic nematodes,-1,,,8.74,,"Based on the provided documents, Sinella curviseta's feeding habits are mentioned in Christiansen 1970b, who described its dietary regime. The specific food source is not detailed in the given texts .","Based on the provided documents, Sinella curviseta is described as a detritivore, meaning it feeds on decaying organic matter . It does not directly consume living organisms but rather decomposed material, contributing to nutrient cycling in ecosystems. No specific dietary components are detailed beyond this general classification.",medline,2,0,,0,1,5.022,False,1.0,0.0,0.0,0.0,0.0,,1.0,0.0,0.0,0.0,0.0,
P072,pipeline,trophic_guild,,What does Sinella curviseta feed on?,fungivorous || fungi,-1,,,6.82,,"Based on the provided documents, *Sinella curviseta* has a diet that includes leaf litter under poplar trees and soil in rice fields . This information pertains to its ecology and habitat preferences within Iran. The specific feeding habits of *S. curviseta* are not detailed beyond these observations.","Based on the provided documents, Sinella curviseta is described as a detritivore, meaning it feeds on decaying organic matter . It is also noted as a fungivore, indicating it consumes fungi . No specific details about its diet beyond these general categories are provided in the sources.",medline,2,0,,0,1,3.101,False,1.0,0.0,0.0,0.0,0.0,,1.0,0.0,1.0,0.04347826086956522,0.04347826086956522,
P073,pipeline,trophic_guild,,What does Stenaphorura denisi feed on?,microorganisms associated with roots || microorganisms,-1,,,3.68,,"Based on the provided documents, there is no specific information given about the feeding habits of *Stenaphorura denisi*. The sources mention its distribution and taxonomic details but do not describe its diet . Further research would be needed to determine its food source.","Based on the provided documents, there is no specific information given about the feeding habits of *Stenaphorura denisi*. The sources mention its distribution and taxonomic details but do not describe its diet . Further research would be needed to determine its food source.",plazi,1,0,,0,1,1.122,False,1.0,0.0,0.0,0.0,0.0,,1.0,0.0,0.0,0.0,0.0,
P075,pipeline,trophic_guild,,What does Thalassaphorura debilis feed on?,marine C4 plants/algae || C3 plant carbon || algae,-1,,,6.25,,"Based on the provided documents, there is no specific information regarding the diet of *Thalassaphorura debilis*. The sources primarily focus on its taxonomy, synonyms, and geographic distribution ,. Further research would be needed to determine its feeding habits.","Based on the provided documents, there is no specific information regarding the diet or feeding habits of *Thalassaphorura debilis*. The sources discuss its taxonomic status and genetic relationships but do not provide details about its ecological niche or food sources. Therefore, this question cannot be answered from the given materials.",medline,2,0,,0,2,3.347,False,1.0,0.0,0.0,0.0,0.0,,0.0,0.0,0.0,0.0,0.0,
P074,pipeline,trophic_guild,,What does Tetrodontophora bielanensis feed on?,a large spectrum of fungi || fungi,-1,,,7.45,,,"Based on the provided documents, Tetrodontophora bielanensis feeds on copper- and zinc-enriched food, specifically contaminated yeast, during experimental studies . However, no specific dietary preferences are mentioned in natural habitats within the given texts.",medline,,0,,0,0,4.129,True,0.0,0.0,0.0,0.0,0.0,,1.0,0.0,0.0,0.0,0.0,
P077,pipeline,trophic_guild,,What does Tomocerus flavescens feed on?,algae,-1,,,5.53,,"Based on the provided documents, there is no specific information regarding the diet or feeding habits of *Tomocerus flavescens* . The sources primarily focus on taxonomy, distribution, and authorship rather than ecological interactions or food preferences. Further research would be needed to determine its dietary requirements.","Based on the provided documents, Tomocerus flavescens feeds on algae, as they were fed with C-14 labelled algae in the study . There is no specific mention of other dietary items in the given source.",medline,2,0,,0,2,2.88,False,1.0,0.0,0.0,0.0,0.0,,1.0,0.0,1.0,0.05714285714285715,0.05555555555555556,
P079,pipeline,trophic_guild,,What does Tomocerus minor feed on?,fresh plant litter || plant litter,-1,,,7.84,,"Based on the provided documents, there is no specific information regarding the diet or feeding habits of *Tomocerus minor*. The sources primarily discuss its taxonomy, distribution, and ecological habitat but do not mention its food source . Further research would be needed to determine its dietary preferences.","Based on the provided documents, there is no direct information specifying the diet of *Tomocerus minor*. However, it is mentioned that both *Tomocerus minor* and *Orchesella cincta* are prey species for the carabid beetle *Notiophilus biguttatus*, indicating they are likely detritivores or herbivores, common feeding strategies among Collembola . For precise dietary details, additional studies would be required.",medline,2,0,,0,6,4.836,True,1.0,0.0,0.0,0.0,0.0,,0.0,0.0,0.0,0.0,0.0,
P080,pipeline,trophic_guild,,What does Vertagopus pseudocinereus feed on?,the yeast Rhodotorula glutinis || Rhodotorula glutinis || yeast,-1,,,7.03,,"Based on the provided documents, there is no specific information about the feeding habits of *Vertagopus pseudocinereus*. The sources primarily discuss its geographic distribution and taxonomic history, but do not mention its diet or food source , . Further research would be needed to determine its ecological niche and dietary preferences.","Based on the provided documents, Vertagopus pseudocinereus feeds on young leaves. However, it is noted that young leaves grown under sterile conditions and almost free of yeast fungi were toxic to this species, whereas leaves grown under natural conditions, which likely contain yeast fungi, were not toxic and supported the growth and fecundity of the collembolan . The document does not specify other food sources directly but implies that the presence of certain yeast fungi on the leaves influences their toxicity and thus feeding behavior.",medline,2,0,,0,2,4.337,False,1.0,0.0,0.0,0.037735849056603765,0.037735849056603765,,0.0,0.0,1.0,0.04545454545454545,0.04545454545454545,
P082,pipeline,trophic_guild,,What does Agrenia feed on?,this biofilm || biofilm || diatoms,-1,,,3.52,,"Based on the provided documents, there is no explicit information about what Agrenia feeds on. The texts describe morphological characteristics and distribution details of various Agrenia species, but they do not specify dietary preferences or feeding habits , , , . Further research would be needed to determine their diet.","Based on the provided documents, Agrenia bidenticulata feeds on a biofilm containing terrestrial diatoms, which are ingested through consumption of the slimy biofilm on moist surfaces of sand and silt . This biofilm is rich in proteins and includes other one-celled organisms . Additionally, Agrenia is described as a bryophile species inhabiting mosses and may consume plant material and fungi .",pmc,3,0,,0,4,3.314,False,1.0,0.0,0.0,0.0,0.0,,1.0,0.0,1.0,0.06666666666666667,0.06557377049180328,
P081,pipeline,trophic_guild,,What does Vertagopus sarekensis feed on?,algae and microorganisms found on mosses || algae,-1,,,5.77,,,"Based on the provided documents, there is no specific information about the diet or feeding habits of *Vertagopus sarekensis* . The source focuses on the chemical composition of its cuticular lipids rather than its dietary preferences.",medline,,0,,0,0,2.158,False,0.0,0.0,0.0,0.0,0.0,,1.0,0.0,0.0,0.048780487804878044,0.048780487804878044,
P083,pipeline,trophic_guild,,What does Bourletiella feed on?,herbivorous || herbivore,-1,,,4.01,,"Based on the provided documents, there is no specific information regarding the diet of Bourletiella species. The sources describe the taxonomy, distribution, and morphological features of Bourletiella species but do not mention feeding habits . Further research would be needed to determine their dietary preferences.","Based on the provided documents, Bourletiella feeds on mosses and possibly fungal hyphae, as evidenced by the presence of moss fragments and fungal hyphae in the gut content of Bourletiella hortensis . Additionally, it is noted that some species within the genus Bourletiella are moss-eating specialists .",pmc,2,0,,0,5,3.799,False,1.0,0.0,0.0,0.0,0.0,,1.0,0.0,0.0,0.0,0.0,
P084,pipeline,trophic_guild,,What does Crossodonthina feed on?,slime mold || slime molds,-1,,,4.62,,"Based on the provided documents, there is no specific information regarding the diet or feeding habits of any species within the genus *Crossodonthina*. The descriptions focus on morphological characteristics such as tubercles, chaetae arrangements, and mouthparts structure, but do not mention dietary preferences or food sources . Further research would be needed to determine their ecological niche and feeding behavior.","Based on the provided documents, Crossodonthina feeds primarily on slime molds. Specifically, it inserts the tip of its buccal cone into the plasmodia and veins of the slime mold to suck out protoplasm . There is limited information on the exact diet of all Crossodonthina species, but this feeding behavior is noted for at least one species within the genus .",pmc,3,0,,0,5,4.413,False,1.0,0.0,0.0,0.0,0.0,,1.0,0.0,1.0,0.06557377049180328,0.06557377049180328,
P085,pipeline,trophic_guild,,What does Desoria feed on?,this biofilm || biofilm || diatoms,-1,,,4.29,,"Based on the provided documents, there is no specific information regarding the diet of *Desoria* species. The sources focus on morphological characteristics, taxonomic classifications, and geographical distributions rather than feeding habits . Further research would be needed to determine their dietary preferences.","Based on the provided documents, Desoria species primarily feed on diatom algae, as evidenced by the presence of diatoms in their gut contents . Additionally, some studies suggest that certain Desoria species may also consume other food resources, such as fungal materials, though this is less consistently reported .",pmc,3,0,,0,5,4.076,False,1.0,0.0,0.0,0.0,0.0,,1.0,0.0,1.0,0.04166666666666667,0.04166666666666667,
P087,pipeline,trophic_guild,,What does Entomobrya feed on?,litter material and the adhering fungi and bacteria || litter material || fungi and bacteria,-1,,,1.72,,"Based on the provided documents, there is no specific information regarding the diet or feeding habits of *Entomobrya* species. The sources describe morphological characteristics, distribution, and taxonomic details but do not mention dietary preferences . Further research would be needed to determine the feeding ecology of these organisms.","Based on the provided documents, *Entomobrya* feeds on dead organic matter, functioning as decomposers, and also acts as herbivores by consuming plant tissue and fine roots . Additionally, specific studies mention *Entomobrya proxima* being involved in responses to organic fertilizer addition, suggesting it may utilize organic materials in its diet .",pmc,3,0,,0,5,3.514,False,1.0,0.0,0.0,0.07272727272727272,0.07272727272727272,,1.0,0.0,0.0,0.10526315789473682,0.07017543859649122,
P086,pipeline,trophic_guild,,What does Entomobrya feed on?,litter and its associated fungi and bacteria || litter || fungi and bacteria,-1,,,3.69,,"Based on the provided documents, there is no specific information regarding the diet or feeding habits of *Entomobrya* species. The sources describe morphological characteristics, distribution, and taxonomic details but do not mention dietary preferences . Further research would be needed to determine the feeding ecology of these organisms.","Based on the provided documents, *Entomobrya* feeds on dead organic matter, functioning as decomposers, and also acts as herbivores by consuming plant tissue and fine roots . Additionally, specific studies mention *Entomobrya proxima* being involved in responses to organic fertilizer addition, suggesting it may utilize organic materials in its diet .",pmc,3,0,,0,5,3.514,False,1.0,0.0,0.0,0.04,0.04,,1.0,0.0,0.0,0.10714285714285714,0.07142857142857142,
P089,pipeline,trophic_guild,,What does Isotomiella feed on?,fungivores || fungi,-1,,,4.25,,"Based on the provided documents, there is no specific information regarding the diet or feeding habits of *Isotomiella* species. The sources describe morphological characteristics and taxonomic relationships within the genus but do not mention dietary preferences . Further research would be needed to determine the feeding ecology of these organisms.","Based on the provided documents, Isotomiella minor is described as a euedaphic species that reproduces via parthenogenesis and is noted to be a microbivore in undisturbed ecosystems, indicating it feeds on microscopic organisms such as bacteria and fungi . Additionally, it is mentioned that Isotomiella minor is involved in nutrient cycling through its feeding activities .",pmc,3,0,,0,5,4.073,False,1.0,0.0,0.0,0.0,0.0,,1.0,0.0,1.0,0.03636363636363636,0.03636363636363636,
P090,pipeline,trophic_guild,,What does Isotomiella feed on?,microbivores || microbial,-1,,,0.22,,"Based on the provided documents, there is no specific information regarding the diet or feeding habits of *Isotomiella* species. The sources describe morphological characteristics and taxonomic relationships within the genus but do not mention dietary preferences . Further research would be needed to determine the feeding ecology of these organisms.","Based on the provided documents, Isotomiella minor is described as a euedaphic species that reproduces via parthenogenesis and is noted to be a microbivore in undisturbed ecosystems, indicating it feeds on microscopic organisms such as bacteria and fungi . Additionally, it is mentioned that Isotomiella minor is involved in nutrient cycling through its feeding activities .",pmc,3,0,,0,5,4.073,False,1.0,0.0,0.0,0.0,0.0,,1.0,0.0,0.0,0.0,0.0,
P088,pipeline,trophic_guild,,What does Folsomia feed on?,litter material and the adhering fungi and bacteria || litter material || fungi and bacteria,-1,,,4.83,,"Based on the provided documents, there is no specific information regarding the diet of *Folsomia* species. The texts focus on taxonomic descriptions, morphological comparisons, and distribution records rather than feeding habits . Further research would be needed to determine their dietary preferences.","Based on the provided documents, Folsomia is primarily associated with feeding on litter and detritus . Additionally, there is mention that some members of this genus may consume fungi, although fungi are not considered a major food resource for this group .",pmc,3,0,,0,5,4.625,False,1.0,0.0,0.0,0.0816326530612245,0.0816326530612245,,1.0,0.0,0.0,0.16666666666666669,0.12499999999999999,
P091,pipeline,trophic_guild,,What does Lepidocyrtus feed on?,pollen,-1,,,5.22,,"Based on the provided documents, Lepidocyrtus species, including *Lepidocyrtus chorus* and *Lepidocyrtus nigrosetosus*, are known to ingest pollen, either directly by visiting flowers or through consumption of wind-borne pollen . However, not all Collembola species within this genus possess the digestive capability to break down the pollen wall .","Based on the provided documents, *Lepidocyrtus* species exhibit varied dietary preferences. *Lepidocyrtus lignorum* transitions from consuming mineral particles and biofilms in younger soils to becoming primarily fungal feeders in older soils . Similarly, *Lepidocyrtus lanuginosus* and *Lepidocyrtus curvicollis* are noted to feed on various substrates, including fungal resources . These observations suggest that *Lepidocyrtus* species can adapt their diet based on environmental availability.",pmc,2,1,1,1,1,5.001,False,1.0,0.0,1.0,0.04166666666666667,0.04081632653061225,,1.0,0.0,0.0,0.0,0.0,
P092,pipeline,trophic_guild,,What does Onychiurus feed on?,decomposers || first trophic level,-1,,,5.43,,"Based on the provided documents, Onychiurus species are generally associated with feeding on pollen, as some species like Onychiurus pseudofimetarius can digest the pollen wall . However, specific dietary preferences for Onychiurus spp. are not detailed in the given sources.","Based on the provided documents, Onychiurus feeds on a variety of resources including fungi, bacteria, leaf litter, and possibly other organic matter. Specifically, it has been noted to feed on fungi colonizing holm oak litter . Additionally, some studies suggest that certain species of Onychiurus may have dietary preferences involving gram-positive bacteria and amorphous materials .",pmc,3,0,,0,1,5.217,False,1.0,0.0,0.0,0.0,0.0,,1.0,0.0,0.0,0.0,0.0,
P093,pipeline,trophic_guild,,What does Orchesella feed on?,the alga Pleurococcus || Pleurococcus || Desmococcus || alga,-1,,,3.17,,"Based on the provided documents, there is no specific information regarding the diet of *Orchesella* species. The sources discuss the taxonomy, distribution, and ecological roles of various springtail genera but do not mention feeding habits related to *Orchesella*. Therefore, the dietary preferences of *Orchesella* cannot be determined from the given data.","Based on the provided documents, Orchesella feeds primarily on amorphous organic matter, with fungal hyphae and spores also being commonly observed in their digestive tracts . Additionally, in experimental settings, Orchesella has been fed algae such as Pleurococcus and baker's yeast as part of their dietary components .",pmc,3,0,,0,1,2.955,False,1.0,0.0,0.0,0.037037037037037035,0.037037037037037035,,1.0,0.0,1.0,0.08163265306122448,0.08,
P094,pipeline,trophic_guild,,What does Orchesella feed on?,litter material and the adhering fungi and bacteria || litter material || fungi and bacteria,-1,,,2.6,,"Based on the provided documents, there is no specific information regarding the diet of *Orchesella* species. The sources discuss the taxonomy, distribution, and ecological roles of various springtail genera but do not mention feeding habits related to *Orchesella*. Therefore, the dietary preferences of *Orchesella* cannot be determined from the given data.","Based on the provided documents, Orchesella feeds primarily on amorphous organic matter, with fungal hyphae and spores also being commonly observed in their digestive tracts . Additionally, in experimental settings, Orchesella has been fed algae such as Pleurococcus and baker's yeast as part of their dietary components .",pmc,3,0,,0,1,2.955,False,1.0,0.0,0.0,0.06779661016949153,0.06779661016949153,,1.0,0.0,0.0,0.11111111111111109,0.07272727272727272,
P096,pipeline,trophic_guild,,What does Protaphorura feed on?,fungi || fungi-synthesised FAs and fungi in the gut,-1,,,3.7,,"Based on the provided documents, no specific information about the diet or feeding habits of Protaphorura species is given. The sources focus on morphological characteristics and taxonomic distinctions among various Protaphorura species . Therefore, the dietary preferences of Protaphorura remain unspecified in the available literature.","Based on the provided documents, Protaphorura feeds on a variety of resources including leaf litter, fungi, bacteria, roots, and algae . Additionally, bacterial nutrition was specifically demonstrated in *Protaphorura armata* .",pmc,3,0,,0,5,3.488,False,1.0,0.0,0.0,0.1176470588235294,0.11538461538461538,,1.0,0.0,1.0,0.2222222222222222,0.16216216216216217,
P095,pipeline,trophic_guild,,What does Proisotoma feed on?,litter and some fungi || litter || fungi,-1,,,4.27,,"Based on the provided documents, there is no specific information regarding the diet of *Proisotoma*. The sources describe taxonomic details, morphology, and distribution of species within the genus but do not mention feeding habits . Further research would be needed to determine their dietary preferences.","Based on the provided documents, *Proisotoma* feeds on dead organic matter, functioning as decomposers, and also acts as herbivores by consuming plant tissue and fine roots . Additionally, it has been observed to aggregate around PDA plugs, suggesting potential feeding or interaction with fungal materials .",pmc,3,0,,0,5,4.062,False,1.0,0.0,0.0,0.04166666666666667,0.04166666666666667,,1.0,0.0,0.0,0.04166666666666667,0.04166666666666667,
P097,pipeline,trophic_guild,,What does Pseudosinella feed on?,fungivores || fungi,-1,,,2.7,,"Based on the provided documents, there is no direct information about what Pseudosinella feeds on. The sources mention Pseudosinella species in ecological contexts, such as being part of cave ecosystems , but do not specify their diet. Further research would be needed to determine their feeding habits.","Based on the provided documents, 15N values indicate that *Pseudosinella* sp.1 may feed on mycorrhizal fungi or act as predators, potentially consuming nematodes . Additionally, other *Pseudosinella* species, like *Pseudosinella immaculata*, are associated with grassland habitats, suggesting they might feed on detritus or microorganisms commonly found in such environments . However, specific dietary preferences for *Pseudosinella* are not explicitly detailed in the sources.",pmc,2,0,,0,1,2.502,False,0.0,0.0,0.0,0.0,0.0,,1.0,0.0,1.0,0.03225806451612903,0.031746031746031744,
P098,pipeline,trophic_guild,,What does Pseudosinella feed on?,predator or scavenger || predator || scavenger || microbivores,-1,,,2.13,,"Based on the provided documents, there is no direct information about what Pseudosinella feeds on. The sources mention Pseudosinella species in ecological contexts, such as being part of cave ecosystems , but do not specify their diet. Further research would be needed to determine their feeding habits.","Based on the provided documents, 15N values indicate that *Pseudosinella* sp.1 may feed on mycorrhizal fungi or act as predators, potentially consuming nematodes . Additionally, other *Pseudosinella* species, like *Pseudosinella immaculata*, are associated with grassland habitats, suggesting they might feed on detritus or microorganisms commonly found in such environments . However, specific dietary preferences for *Pseudosinella* are not explicitly detailed in the sources.",pmc,2,0,,0,1,2.502,False,0.0,0.0,0.0,0.0,0.0,,1.0,0.0,1.0,0.03125,0.03076923076923077,
P099,pipeline,trophic_guild,,What does Superodontella feed on?,bacteria or bacterial feeding nematodes || bacteria || bacterial feeding nematodes,-1,,,2.89,,"Based on the provided documents, there is no explicit information regarding the diet of Superodontella species. The text mentions that ""a function in the feeding habits of the species concerned, which remains to be elucidated"" . Therefore, the specific dietary preferences of Superodontella are not detailed in the given sources.","Based on the provided documents, Superodontella sp.1 is suggested to feed on bacteria or bacterial feeding nematodes . This inference is drawn from the observation that these species were found in association with specific environmental conditions and possibly linked to microbial resources. No direct dietary studies on Superodontella are explicitly mentioned in the sources.",pmc,2,0,,0,1,2.681,False,1.0,0.0,0.0,0.03846153846153846,0.03846153846153846,,1.0,0.0,1.0,0.1724137931034483,0.1694915254237288,
P100,pipeline,trophic_guild,,What does Tomocerus feed on?,"a variety of food materials including litter but also fungi and bacteria in the rhizosphere, algae as well as Nematoda || litter || fungi and bacteria || algae || Nematoda",-1,,,3.54,,"Based on the provided documents, there is no specific information regarding the diet or feeding habits of *Tomocerus* species. The sources focus on taxonomic descriptions, morphological characteristics, and geographical distributions rather than ecological interactions or dietary preferences . Further research would be needed to determine their feeding behavior.","Based on the provided documents, Tomocerus species have varied diets. They primarily feed on nematodes, as indicated by their classification within the Uropodina order . Additionally, some species like T. aegrota may also consume fungi . There is evidence suggesting that root-derived carbon contributes to their diet through mycorrhizal fungi, although this constitutes a smaller portion of their overall intake .",pmc,3,0,,0,5,3.325,False,1.0,0.0,0.0,0.08955223880597013,0.05970149253731343,,1.0,0.0,0.0,0.15384615384615385,0.05063291139240507,
P101,pipeline,trophic_guild,,What does Willowsia feed on?,superficial molds and fine organic debris || molds || fine organic debris || fungivorous – detritivorous,-1,,,3.7,,"Based on the provided documents, there is no specific information regarding the diet or feeding habits of Willowsia species. The sources describe geographical distributions, morphology, and phylogenetic relationships but do not mention dietary preferences . Further research would be needed to determine what Willowsia feeds on.","Based on the provided documents, Willowsia feeds on detritus and associated microorganisms, similar to other Collembola . Additionally, some Collembola species, including those in the family Entomobryidae, may also consume plant tissue . However, no direct dietary information specifically about Willowsia is provided in the given sources.",pmc,3,0,,0,5,3.479,False,1.0,0.0,0.0,0.0392156862745098,0.0392156862745098,,1.0,0.0,0.0,0.0392156862745098,0.0392156862745098,
P102,pipeline,trophic_guild,,What does Xenylla feed on?,bacteria or bacterial feeding nematodes || bacteria || bacterial feeding nematodes,-1,,,3.76,,"Based on the provided documents, Xenylla feeds on particles suspended in water, as they are adapted to life in marine environments where such food sources are available . This dietary habit is common among species within the family, which includes other genera like Archisotoma and Hypogastrura . No specific details about their exact diet beyond this general description are given in the sources.","Based on the provided documents, Xenylla species are suggested to feed on bacteria or bacterial feeding nematodes . This inference is drawn from the association of Xenylla sp.1 with bacterial resources in plantation soils . No direct dietary information about Xenylla is explicitly stated in the sources.",pmc,3,0,,0,1,3.548,False,1.0,0.0,0.0,0.0,0.0,,1.0,0.0,1.0,0.19999999999999998,0.19607843137254902,
